example,split,start,end,duration_minutes,frames
KTLX-20220222T020112-031504-001,training,2022-02-22T02:01:12+00:00,2022-02-22T03:15:04+00:00,73.867,30
KTLX-20220222T032303-041049-002,training,2022-02-22T03:23:03+00:00,2022-02-22T04:10:49+00:00,47.767,30
KTLX-20220222T043956-053940-003,training,2022-02-22T04:39:56+00:00,2022-02-22T05:39:40+00:00,59.733,30
KTLX-20220222T063607-074305-004,training,2022-02-22T06:36:07+00:00,2022-02-22T07:43:05+00:00,66.967,30
KTLX-20220222T080356-090452-005,training,2022-02-22T08:03:56+00:00,2022-02-22T09:04:52+00:00,60.933,30
KTLX-20220222T103929-113745-006,training,2022-02-22T10:39:29+00:00,2022-02-22T11:37:45+00:00,58.267,30
KTLX-20220223T101750-111818-007,training,2022-02-23T10:17:50+00:00,2022-02-23T11:18:18+00:00,60.467,30
KTLX-20220223T112658-123804-008,training,2022-02-23T11:26:58+00:00,2022-02-23T12:38:04+00:00,71.1,30
KTLX-20220223T131949-143734-009,training,2022-02-23T13:19:49+00:00,2022-02-23T14:37:34+00:00,77.75,30
KTLX-20220223T152350-164038-010,training,2022-02-23T15:23:50+00:00,2022-02-23T16:40:38+00:00,76.8,30
KTLX-20220223T165629-180846-011,training,2022-02-23T16:56:29+00:00,2022-02-23T18:08:46+00:00,72.283,30
KTLX-20220223T181047-191238-012,training,2022-02-23T18:10:47+00:00,2022-02-23T19:12:38+00:00,61.85,30
KTLX-20220226T224700-234638-013,training,2022-02-26T22:47:00+00:00,2022-02-26T23:46:38+00:00,59.633,30
KTLX-20220306T174711-184642-014,training,2022-03-06T17:47:11+00:00,2022-03-06T18:46:42+00:00,59.517,30
KTLX-20220306T204327-215446-015,training,2022-03-06T20:43:27+00:00,2022-03-06T21:54:46+00:00,71.317,30
KTLX-20220307T004634-015554-016,training,2022-03-07T00:46:34+00:00,2022-03-07T01:55:54+00:00,69.333,30
KTLX-20220307T022617-033144-017,training,2022-03-07T02:26:17+00:00,2022-03-07T03:31:44+00:00,65.45,30
KTLX-20220307T034504-044644-018,training,2022-03-07T03:45:04+00:00,2022-03-07T04:46:44+00:00,61.667,30
KTLX-20220307T051933-063930-019,training,2022-03-07T05:19:33+00:00,2022-03-07T06:39:30+00:00,79.95,30
KTLX-20220318T003515-015212-020,training,2022-03-18T00:35:15+00:00,2022-03-18T01:52:12+00:00,76.95,30
KTLX-20220318T020532-032116-021,training,2022-03-18T02:05:32+00:00,2022-03-18T03:21:16+00:00,75.733,30
KTLX-20220318T032345-043817-022,training,2022-03-18T03:23:45+00:00,2022-03-18T04:38:17+00:00,74.533,30
KTLX-20220318T061947-072611-023,training,2022-03-18T06:19:47+00:00,2022-03-18T07:26:11+00:00,66.4,30
KTLX-20220318T075832-090045-024,training,2022-03-18T07:58:32+00:00,2022-03-18T09:00:45+00:00,62.217,30
KTLX-20220318T092752-102311-025,training,2022-03-18T09:27:52+00:00,2022-03-18T10:23:11+00:00,55.317,30
KTLX-20220322T013858-023553-026,training,2022-03-22T01:38:58+00:00,2022-03-22T02:35:53+00:00,56.917,30
KTLX-20220322T024617-040433-027,training,2022-03-22T02:46:17+00:00,2022-03-22T04:04:33+00:00,78.267,30
KTLX-20220330T043342-051924-028,training,2022-03-30T04:33:42+00:00,2022-03-30T05:19:24+00:00,45.7,30
KTLX-20220330T052113-060829-029,training,2022-03-30T05:21:13+00:00,2022-03-30T06:08:29+00:00,47.267,30
KTLX-20220330T062314-071040-030,training,2022-03-30T06:23:14+00:00,2022-03-30T07:10:40+00:00,47.433,30
KTLX-20220330T073038-081958-031,training,2022-03-30T07:30:38+00:00,2022-03-30T08:19:58+00:00,49.333,30
KTLX-20220330T085030-094215-032,training,2022-03-30T08:50:30+00:00,2022-03-30T09:42:15+00:00,51.75,30
KTLX-20220330T095118-104111-033,training,2022-03-30T09:51:18+00:00,2022-03-30T10:41:11+00:00,49.883,30
KTLX-20220330T110310-115215-034,training,2022-03-30T11:03:10+00:00,2022-03-30T11:52:15+00:00,49.083,30
KTLX-20220330T115603-124526-035,training,2022-03-30T11:56:03+00:00,2022-03-30T12:45:26+00:00,49.383,30
KTLX-20220330T144536-160751-036,training,2022-03-30T14:45:36+00:00,2022-03-30T16:07:51+00:00,82.25,30
KTLX-20220411T225256-235918-037,training,2022-04-11T22:52:56+00:00,2022-04-11T23:59:18+00:00,66.367,30
KTLX-20220412T045322-055055-038,training,2022-04-12T04:53:22+00:00,2022-04-12T05:50:55+00:00,57.55,30
KTLX-20220412T162608-175555-039,training,2022-04-12T16:26:08+00:00,2022-04-12T17:55:55+00:00,89.783,30
KTLX-20220412T202519-212905-040,training,2022-04-12T20:25:19+00:00,2022-04-12T21:29:05+00:00,63.767,30
KTLX-20220413T030538-041817-041,training,2022-04-13T03:05:38+00:00,2022-04-13T04:18:17+00:00,72.65,30
KTLX-20220413T095240-111716-042,training,2022-04-13T09:52:40+00:00,2022-04-13T11:17:16+00:00,84.6,30
KTLX-20220413T112456-123939-043,training,2022-04-13T11:24:56+00:00,2022-04-13T12:39:39+00:00,74.717,30
KTLX-20220413T163748-173728-044,training,2022-04-13T16:37:48+00:00,2022-04-13T17:37:28+00:00,59.667,30
KTLX-20220416T031259-041535-045,training,2022-04-16T03:12:59+00:00,2022-04-16T04:15:35+00:00,62.6,30
KTLX-20220416T052828-062647-046,training,2022-04-16T05:28:28+00:00,2022-04-16T06:26:47+00:00,58.317,30
KTLX-20220416T074516-084632-047,training,2022-04-16T07:45:16+00:00,2022-04-16T08:46:32+00:00,61.267,30
KTLX-20220416T101113-111033-048,training,2022-04-16T10:11:13+00:00,2022-04-16T11:10:33+00:00,59.333,30
KTLX-20220420T222846-234545-049,training,2022-04-20T22:28:46+00:00,2022-04-20T23:45:45+00:00,76.983,30
KTLX-20220421T001141-010303-050,training,2022-04-21T00:11:41+00:00,2022-04-21T01:03:03+00:00,51.367,30
KTLX-20220421T011014-023101-051,training,2022-04-21T01:10:14+00:00,2022-04-21T02:31:01+00:00,80.783,30
KTLX-20220423T230319-235827-052,training,2022-04-23T23:03:19+00:00,2022-04-23T23:58:27+00:00,55.133,30
KTLX-20220424T000244-010139-053,training,2022-04-24T00:02:44+00:00,2022-04-24T01:01:39+00:00,58.917,30
KTLX-20220424T044743-054629-054,training,2022-04-24T04:47:43+00:00,2022-04-24T05:46:29+00:00,58.767,30
KTLX-20220424T064729-074221-055,training,2022-04-24T06:47:29+00:00,2022-04-24T07:42:21+00:00,54.867,30
KTLX-20220424T084212-094144-056,training,2022-04-24T08:42:12+00:00,2022-04-24T09:41:44+00:00,59.533,30
KTLX-20220424T103817-112428-057,training,2022-04-24T10:38:17+00:00,2022-04-24T11:24:28+00:00,46.183,30
KTLX-20220424T113105-122023-058,training,2022-04-24T11:31:05+00:00,2022-04-24T12:20:23+00:00,49.3,30
KTLX-20220424T140152-150404-059,training,2022-04-24T14:01:52+00:00,2022-04-24T15:04:04+00:00,62.2,30
KTLX-20220424T201031-213153-060,training,2022-04-24T20:10:31+00:00,2022-04-24T21:31:53+00:00,81.367,30
KTLX-20220424T224700-235905-061,training,2022-04-24T22:47:00+00:00,2022-04-24T23:59:05+00:00,72.083,30
KTLX-20220425T000135-011443-062,training,2022-04-25T00:01:35+00:00,2022-04-25T01:14:43+00:00,73.133,30
KTLX-20220425T022219-033700-063,training,2022-04-25T02:22:19+00:00,2022-04-25T03:37:00+00:00,74.683,30
KTLX-20220425T040158-051148-064,training,2022-04-25T04:01:58+00:00,2022-04-25T05:11:48+00:00,69.833,30
KTLX-20220425T071650-081702-065,training,2022-04-25T07:16:50+00:00,2022-04-25T08:17:02+00:00,60.2,30
KTLX-20220425T082110-093747-066,training,2022-04-25T08:21:10+00:00,2022-04-25T09:37:47+00:00,76.617,30
KTLX-20220428T053938-064104-067,training,2022-04-28T05:39:38+00:00,2022-04-28T06:41:04+00:00,61.433,30
KTLX-20220428T071755-081832-068,training,2022-04-28T07:17:55+00:00,2022-04-28T08:18:32+00:00,60.617,30
KTLX-20220428T082038-091810-069,training,2022-04-28T08:20:38+00:00,2022-04-28T09:18:10+00:00,57.533,30
KTLX-20220428T093108-103320-070,training,2022-04-28T09:31:08+00:00,2022-04-28T10:33:20+00:00,62.2,30
KTLX-20220428T103938-115237-071,training,2022-04-28T10:39:38+00:00,2022-04-28T11:52:37+00:00,72.983,30
KTLX-20220429T060909-071015-072,training,2022-04-29T06:09:09+00:00,2022-04-29T07:10:15+00:00,61.1,30
KTLX-20220429T074516-084603-073,training,2022-04-29T07:45:16+00:00,2022-04-29T08:46:03+00:00,60.783,30
KTLX-20220429T101243-112829-074,training,2022-04-29T10:12:43+00:00,2022-04-29T11:28:29+00:00,75.767,30
KTLX-20220429T212723-223013-075,training,2022-04-29T21:27:23+00:00,2022-04-29T22:30:13+00:00,62.833,30
KTLX-20220429T224632-235144-076,training,2022-04-29T22:46:32+00:00,2022-04-29T23:51:44+00:00,65.2,30
KTLX-20220430T004453-014810-077,training,2022-04-30T00:44:53+00:00,2022-04-30T01:48:10+00:00,63.283,30
KTLX-20220430T055348-071921-078,training,2022-04-30T05:53:48+00:00,2022-04-30T07:19:21+00:00,85.55,30
KTLX-20220430T113853-123420-079,training,2022-04-30T11:38:53+00:00,2022-04-30T12:34:20+00:00,55.45,30
KTLX-20220430T131113-142734-080,training,2022-04-30T13:11:13+00:00,2022-04-30T14:27:34+00:00,76.35,30
KTLX-20220502T020936-030901-081,training,2022-05-02T02:09:36+00:00,2022-05-02T03:09:01+00:00,59.417,30
KTLX-20220502T035316-050825-082,training,2022-05-02T03:53:16+00:00,2022-05-02T05:08:25+00:00,75.15,30
KTLX-20220502T073756-084104-083,training,2022-05-02T07:37:56+00:00,2022-05-02T08:41:04+00:00,63.133,30
KTLX-20220502T111542-123251-084,training,2022-05-02T11:15:42+00:00,2022-05-02T12:32:51+00:00,77.15,30
KTLX-20220502T130902-142541-085,training,2022-05-02T13:09:02+00:00,2022-05-02T14:25:41+00:00,76.65,30
KTLX-20220502T151704-162750-086,training,2022-05-02T15:17:04+00:00,2022-05-02T16:27:50+00:00,70.767,30
KTLX-20220502T202724-212152-087,training,2022-05-02T20:27:24+00:00,2022-05-02T21:21:52+00:00,54.467,30
KTLX-20220503T001726-010547-088,training,2022-05-03T00:17:26+00:00,2022-05-03T01:05:47+00:00,48.35,30
KTLX-20220503T011226-020114-089,training,2022-05-03T01:12:26+00:00,2022-05-03T02:01:14+00:00,48.8,30
KTLX-20220503T020751-033014-090,training,2022-05-03T02:07:51+00:00,2022-05-03T03:30:14+00:00,82.383,30
KTLX-20220503T035553-044915-091,training,2022-05-03T03:55:53+00:00,2022-05-03T04:49:15+00:00,53.367,30
KTLX-20220503T051224-055732-092,training,2022-05-03T05:12:24+00:00,2022-05-03T05:57:32+00:00,45.133,30
KTLX-20220503T065317-080038-093,training,2022-05-03T06:53:17+00:00,2022-05-03T08:00:38+00:00,67.35,30
KTLX-20220504T100817-110530-094,training,2022-05-04T10:08:17+00:00,2022-05-04T11:05:30+00:00,57.217,30
KTLX-20220504T112942-122730-095,training,2022-05-04T11:29:42+00:00,2022-05-04T12:27:30+00:00,57.8,30
KTLX-20220504T124932-134559-096,training,2022-05-04T12:49:32+00:00,2022-05-04T13:45:59+00:00,56.45,30
KTLX-20220504T141503-150756-097,training,2022-05-04T14:15:03+00:00,2022-05-04T15:07:56+00:00,52.883,30
KTLX-20220504T151159-155913-098,training,2022-05-04T15:11:59+00:00,2022-05-04T15:59:13+00:00,47.233,30
KTLX-20220504T160050-164615-099,training,2022-05-04T16:00:50+00:00,2022-05-04T16:46:15+00:00,45.417,30
KTLX-20220504T170420-175111-100,training,2022-05-04T17:04:20+00:00,2022-05-04T17:51:11+00:00,46.85,30
KTLX-20220504T175221-183817-101,training,2022-05-04T17:52:21+00:00,2022-05-04T18:38:17+00:00,45.933,30
KTLX-20220504T184112-193228-102,training,2022-05-04T18:41:12+00:00,2022-05-04T19:32:28+00:00,51.267,30
KTLX-20220504T193748-203240-103,training,2022-05-04T19:37:48+00:00,2022-05-04T20:32:40+00:00,54.867,30
KTLX-20220504T222609-232225-104,training,2022-05-04T22:26:09+00:00,2022-05-04T23:22:25+00:00,56.267,30
KTLX-20220505T005723-015602-105,training,2022-05-05T00:57:23+00:00,2022-05-05T01:56:02+00:00,58.65,30
KTLX-20220505T174210-184206-106,training,2022-05-05T17:42:10+00:00,2022-05-05T18:42:06+00:00,59.933,30
KTLX-20220505T185052-194817-107,training,2022-05-05T18:50:52+00:00,2022-05-05T19:48:17+00:00,57.417,30
KTLX-20220505T195002-204532-108,training,2022-05-05T19:50:02+00:00,2022-05-05T20:45:32+00:00,55.5,30
KTLX-20220514T125428-142004-109,training,2022-05-14T12:54:28+00:00,2022-05-14T14:20:04+00:00,85.6,30
KTLX-20220514T142422-154911-110,training,2022-05-14T14:24:22+00:00,2022-05-14T15:49:11+00:00,84.817,30
KTLX-20220515T011228-021405-111,training,2022-05-15T01:12:28+00:00,2022-05-15T02:14:05+00:00,61.617,30
KTLX-20220515T031131-042412-112,training,2022-05-15T03:11:31+00:00,2022-05-15T04:24:12+00:00,72.683,30
KTLX-20220515T044525-060259-113,training,2022-05-15T04:45:25+00:00,2022-05-15T06:02:59+00:00,77.567,30
KTLX-20220515T061518-073010-114,training,2022-05-15T06:15:18+00:00,2022-05-15T07:30:10+00:00,74.867,30
KTLX-20220515T073246-084714-115,training,2022-05-15T07:32:46+00:00,2022-05-15T08:47:14+00:00,74.467,30
KTLX-20220516T001556-011030-116,training,2022-05-16T00:15:56+00:00,2022-05-16T01:10:30+00:00,54.567,30
KTLX-20220516T021615-030736-117,training,2022-05-16T02:16:15+00:00,2022-05-16T03:07:36+00:00,51.35,30
KTLX-20220517T053357-063848-118,training,2022-05-17T05:33:57+00:00,2022-05-17T06:38:48+00:00,64.85,30
KTLX-20220517T092610-104132-119,training,2022-05-17T09:26:10+00:00,2022-05-17T10:41:32+00:00,75.367,30
KTLX-20220519T073620-085102-120,training,2022-05-19T07:36:20+00:00,2022-05-19T08:51:02+00:00,74.7,30
KTLX-20220531T192339-201928-121,training,2022-05-31T19:23:39+00:00,2022-05-31T20:19:28+00:00,55.817,30
KTLX-20220531T203056-212914-122,training,2022-05-31T20:30:56+00:00,2022-05-31T21:29:14+00:00,58.3,30
KTLX-20220601T025818-041903-123,training,2022-06-01T02:58:18+00:00,2022-06-01T04:19:03+00:00,80.75,30
KTLX-20220601T053446-062641-124,training,2022-06-01T05:34:46+00:00,2022-06-01T06:26:41+00:00,51.917,30
KTLX-20220601T095115-110842-125,training,2022-06-01T09:51:15+00:00,2022-06-01T11:08:42+00:00,77.45,30
KTLX-20220601T111117-121914-126,training,2022-06-01T11:11:17+00:00,2022-06-01T12:19:14+00:00,67.95,30
KTLX-20220601T132634-143505-127,training,2022-06-01T13:26:34+00:00,2022-06-01T14:35:05+00:00,68.517,30
KTLX-20220601T161449-173149-128,training,2022-06-01T16:14:49+00:00,2022-06-01T17:31:49+00:00,77.0,30
KTLX-20220601T181237-193024-129,training,2022-06-01T18:12:37+00:00,2022-06-01T19:30:24+00:00,77.783,30
KTLX-20220601T204920-214239-130,training,2022-06-01T20:49:20+00:00,2022-06-01T21:42:39+00:00,53.317,30
KTLX-20220601T221223-230600-131,training,2022-06-01T22:12:23+00:00,2022-06-01T23:06:00+00:00,53.617,30
KTLX-20220602T001301-011120-132,training,2022-06-02T00:13:01+00:00,2022-06-02T01:11:20+00:00,58.317,30
KTLX-20220602T024516-040319-133,training,2022-06-02T02:45:16+00:00,2022-06-02T04:03:19+00:00,78.05,30
KTLX-20220602T040554-052353-134,training,2022-06-02T04:05:54+00:00,2022-06-02T05:23:53+00:00,77.983,30
KTLX-20220602T102952-113941-135,training,2022-06-02T10:29:52+00:00,2022-06-02T11:39:41+00:00,69.817,30
KTLX-20220602T114440-124950-136,training,2022-06-02T11:44:40+00:00,2022-06-02T12:49:50+00:00,65.167,30
KTLX-20220602T143413-153411-137,training,2022-06-02T14:34:13+00:00,2022-06-02T15:34:11+00:00,59.967,30
KTLX-20220602T160526-170540-138,training,2022-06-02T16:05:26+00:00,2022-06-02T17:05:40+00:00,60.233,30
KTLX-20220602T170950-181825-139,training,2022-06-02T17:09:50+00:00,2022-06-02T18:18:25+00:00,68.583,30
KTLX-20220606T024416-035500-140,training,2022-06-06T02:44:16+00:00,2022-06-06T03:55:00+00:00,70.733,30
KTLX-20220606T062247-072329-141,training,2022-06-06T06:22:47+00:00,2022-06-06T07:23:29+00:00,60.7,30
KTLX-20220606T073111-084650-142,training,2022-06-06T07:31:11+00:00,2022-06-06T08:46:50+00:00,75.65,30
KTLX-20220606T104937-115338-143,training,2022-06-06T10:49:37+00:00,2022-06-06T11:53:38+00:00,64.017,30
KTLX-20220607T044146-054224-144,training,2022-06-07T04:41:46+00:00,2022-06-07T05:42:24+00:00,60.633,30
KTLX-20220607T054620-064408-145,training,2022-06-07T05:46:20+00:00,2022-06-07T06:44:08+00:00,57.8,30
KTLX-20220607T065212-075140-146,training,2022-06-07T06:52:12+00:00,2022-06-07T07:51:40+00:00,59.467,30
KTLX-20220607T091621-102521-147,training,2022-06-07T09:16:21+00:00,2022-06-07T10:25:21+00:00,69.0,30
KTLX-20220607T112404-121821-148,training,2022-06-07T11:24:04+00:00,2022-06-07T12:18:21+00:00,54.283,30
KTLX-20220607T122817-132402-149,training,2022-06-07T12:28:17+00:00,2022-06-07T13:24:02+00:00,55.75,30
KTLX-20220607T143121-153333-150,training,2022-06-07T14:31:21+00:00,2022-06-07T15:33:33+00:00,62.2,30
KTLX-20220608T094522-103548-151,training,2022-06-08T09:45:22+00:00,2022-06-08T10:35:48+00:00,50.433,30
KTLX-20220608T112404-122105-152,training,2022-06-08T11:24:04+00:00,2022-06-08T12:21:05+00:00,57.017,30
KTLX-20220608T130157-135514-153,training,2022-06-08T13:01:57+00:00,2022-06-08T13:55:14+00:00,53.283,30
KTLX-20220608T144142-152826-154,training,2022-06-08T14:41:42+00:00,2022-06-08T15:28:26+00:00,46.733,30
KTLX-20220608T162706-174210-155,training,2022-06-08T16:27:06+00:00,2022-06-08T17:42:10+00:00,75.067,30
KTLX-20220608T183532-194216-156,training,2022-06-08T18:35:32+00:00,2022-06-08T19:42:16+00:00,66.733,30
KTLX-20220608T195136-205430-157,training,2022-06-08T19:51:36+00:00,2022-06-08T20:54:30+00:00,62.9,30
KTLX-20220609T202902-212850-158,training,2022-06-09T20:29:02+00:00,2022-06-09T21:28:50+00:00,59.8,30
KTLX-20220610T030424-042221-159,training,2022-06-10T03:04:24+00:00,2022-06-10T04:22:21+00:00,77.95,30
KTLX-20220610T043316-053617-160,training,2022-06-10T04:33:16+00:00,2022-06-10T05:36:17+00:00,63.017,30
KTLX-20220610T054122-064218-161,training,2022-06-10T05:41:22+00:00,2022-06-10T06:42:18+00:00,60.933,30
KTLX-20220610T073846-082738-162,training,2022-06-10T07:38:46+00:00,2022-06-10T08:27:38+00:00,48.867,30
KTLX-20220610T091850-100621-163,training,2022-06-10T09:18:50+00:00,2022-06-10T10:06:21+00:00,47.517,30
KTLX-20220610T102619-113102-164,training,2022-06-10T10:26:19+00:00,2022-06-10T11:31:02+00:00,64.717,30
KTLX-20220610T114147-130638-165,training,2022-06-10T11:41:47+00:00,2022-06-10T13:06:38+00:00,84.85,30
KTLX-20220709T002655-015234-166,training,2022-07-09T00:26:55+00:00,2022-07-09T01:52:34+00:00,85.65,30
KTLX-20220729T080938-093438-167,training,2022-07-29T08:09:38+00:00,2022-07-29T09:34:38+00:00,85.0,30
KTLX-20220729T104416-121325-168,training,2022-07-29T10:44:16+00:00,2022-07-29T12:13:25+00:00,89.15,30
KTLX-20220729T201336-213253-169,training,2022-07-29T20:13:36+00:00,2022-07-29T21:32:53+00:00,79.283,30
KTLX-20220729T221759-234143-170,training,2022-07-29T22:17:59+00:00,2022-07-29T23:41:43+00:00,83.733,30
KTLX-20220730T054706-064829-171,training,2022-07-30T05:47:06+00:00,2022-07-30T06:48:29+00:00,61.383,30
KTLX-20220730T070313-080135-172,training,2022-07-30T07:03:13+00:00,2022-07-30T08:01:35+00:00,58.367,30
KTLX-20220730T085429-095150-173,training,2022-07-30T08:54:29+00:00,2022-07-30T09:51:50+00:00,57.35,30
KTLX-20220730T100216-110516-174,training,2022-07-30T10:02:16+00:00,2022-07-30T11:05:16+00:00,63.0,30
KTLX-20220730T111320-121350-175,training,2022-07-30T11:13:20+00:00,2022-07-30T12:13:50+00:00,60.5,30
KTLX-20220730T124725-135151-176,training,2022-07-30T12:47:25+00:00,2022-07-30T13:51:51+00:00,64.433,30
KTLX-20220730T141521-151734-177,training,2022-07-30T14:15:21+00:00,2022-07-30T15:17:34+00:00,62.217,30
KTLX-20220730T154621-164814-178,training,2022-07-30T15:46:21+00:00,2022-07-30T16:48:14+00:00,61.883,30
KTLX-20220730T172515-182605-179,training,2022-07-30T17:25:15+00:00,2022-07-30T18:26:05+00:00,60.833,30
KTLX-20220730T184809-194553-180,training,2022-07-30T18:48:09+00:00,2022-07-30T19:45:53+00:00,57.733,30
KTLX-20220730T225733-235420-181,training,2022-07-30T22:57:33+00:00,2022-07-30T23:54:20+00:00,56.783,30
KTLX-20220731T044925-055102-182,training,2022-07-31T04:49:25+00:00,2022-07-31T05:51:02+00:00,61.617,30
KTLX-20220731T090714-102209-183,training,2022-07-31T09:07:14+00:00,2022-07-31T10:22:09+00:00,74.917,30
KTLX-20220731T114853-130320-184,training,2022-07-31T11:48:53+00:00,2022-07-31T13:03:20+00:00,74.45,30
KTLX-20220731T184156-200008-185,training,2022-07-31T18:41:56+00:00,2022-07-31T20:00:08+00:00,78.2,30
KTLX-20220801T012503-024005-186,training,2022-08-01T01:25:03+00:00,2022-08-01T02:40:05+00:00,75.033,30
KTLX-20220801T024213-034327-187,training,2022-08-01T02:42:13+00:00,2022-08-01T03:43:27+00:00,61.233,30
KTLX-20220801T062553-072700-188,training,2022-08-01T06:25:53+00:00,2022-08-01T07:27:00+00:00,61.117,30
KTLX-20220801T082302-092331-189,training,2022-08-01T08:23:02+00:00,2022-08-01T09:23:31+00:00,60.483,30
KTLX-20220801T093416-103550-190,training,2022-08-01T09:34:16+00:00,2022-08-01T10:35:50+00:00,61.567,30
KTLX-20220801T104008-114450-191,training,2022-08-01T10:40:08+00:00,2022-08-01T11:44:50+00:00,64.7,30
KTLX-20220801T123742-135417-192,training,2022-08-01T12:37:42+00:00,2022-08-01T13:54:17+00:00,76.583,30
KTLX-20220801T143105-155004-193,training,2022-08-01T14:31:05+00:00,2022-08-01T15:50:04+00:00,78.983,30
KTLX-20220801T172403-184233-194,training,2022-08-01T17:24:03+00:00,2022-08-01T18:42:33+00:00,78.5,30
KTLX-20220801T190916-202625-195,training,2022-08-01T19:09:16+00:00,2022-08-01T20:26:25+00:00,77.15,30
KTLX-20220802T114205-131058-196,training,2022-08-02T11:42:05+00:00,2022-08-02T13:10:58+00:00,88.883,30
KTLX-20220802T224558-235958-197,training,2022-08-02T22:45:58+00:00,2022-08-02T23:59:58+00:00,74.0,30
KTLX-20220902T001615-010156-198,training,2022-09-02T00:16:15+00:00,2022-09-02T01:01:56+00:00,45.683,30
KTLX-20220902T011332-020010-199,training,2022-09-02T01:13:32+00:00,2022-09-02T02:00:10+00:00,46.633,30
KTLX-20220902T020153-024721-200,training,2022-09-02T02:01:53+00:00,2022-09-02T02:47:21+00:00,45.467,30
KTLX-20220902T030615-043205-201,training,2022-09-02T03:06:15+00:00,2022-09-02T04:32:05+00:00,85.833,30
KTLX-20220916T013023-024616-202,training,2022-09-16T01:30:23+00:00,2022-09-16T02:46:16+00:00,75.883,30
KTLX-20221016T052453-061036-203,training,2022-10-16T05:24:53+00:00,2022-10-16T06:10:36+00:00,45.717,30
KTLX-20221016T132306-145203-204,training,2022-10-16T13:23:06+00:00,2022-10-16T14:52:03+00:00,88.95,30
KTLX-20221024T122012-132235-205,training,2022-10-24T12:20:12+00:00,2022-10-24T13:22:35+00:00,62.383,30
KTLX-20221024T134545-143338-206,training,2022-10-24T13:45:45+00:00,2022-10-24T14:33:38+00:00,47.883,30
KTLX-20221024T144459-153431-207,training,2022-10-24T14:44:59+00:00,2022-10-24T15:34:31+00:00,49.533,30
KTLX-20221024T154747-163543-208,training,2022-10-24T15:47:47+00:00,2022-10-24T16:35:43+00:00,47.933,30
KTLX-20221024T164736-173521-209,training,2022-10-24T16:47:36+00:00,2022-10-24T17:35:21+00:00,47.75,30
KTLX-20221024T180339-185138-210,training,2022-10-24T18:03:39+00:00,2022-10-24T18:51:38+00:00,47.983,30
KTLX-20221024T190955-195506-211,training,2022-10-24T19:09:55+00:00,2022-10-24T19:55:06+00:00,45.183,30
KTLX-20221024T230718-235337-212,training,2022-10-24T23:07:18+00:00,2022-10-24T23:53:37+00:00,46.317,30
KTLX-20221025T002414-011232-213,training,2022-10-25T00:24:14+00:00,2022-10-25T01:12:32+00:00,48.3,30
KTLX-20221104T110555-120334-214,training,2022-11-04T11:05:55+00:00,2022-11-04T12:03:34+00:00,57.65,30
KTLX-20221104T124633-134330-215,training,2022-11-04T12:46:33+00:00,2022-11-04T13:43:30+00:00,56.95,30
KTLX-20221104T151226-161201-216,training,2022-11-04T15:12:26+00:00,2022-11-04T16:12:01+00:00,59.583,30
KTLX-20221104T172504-181433-217,training,2022-11-04T17:25:04+00:00,2022-11-04T18:14:33+00:00,49.483,30
KTLX-20221104T192116-200707-218,training,2022-11-04T19:21:16+00:00,2022-11-04T20:07:07+00:00,45.85,30
KTLX-20221104T201325-205900-219,training,2022-11-04T20:13:25+00:00,2022-11-04T20:59:00+00:00,45.583,30
KTLX-20221104T223824-235822-220,training,2022-11-04T22:38:24+00:00,2022-11-04T23:58:22+00:00,79.967,30
KTLX-20221105T004754-021455-221,training,2022-11-05T00:47:54+00:00,2022-11-05T02:14:55+00:00,87.017,30
KTLX-20221105T021943-034324-222,training,2022-11-05T02:19:43+00:00,2022-11-05T03:43:24+00:00,83.683,30
KTLX-20221105T035734-044338-223,training,2022-11-05T03:57:34+00:00,2022-11-05T04:43:38+00:00,46.067,30
KTLX-20221210T013302-025916-224,training,2022-12-10T01:33:02+00:00,2022-12-10T02:59:16+00:00,86.233,30
KTLX-20221210T032804-043549-225,training,2022-12-10T03:28:04+00:00,2022-12-10T04:35:49+00:00,67.75,30
KTLX-20221213T040330-053234-226,training,2022-12-13T04:03:30+00:00,2022-12-13T05:32:34+00:00,89.067,30
KTLX-20221213T063343-072944-227,training,2022-12-13T06:33:43+00:00,2022-12-13T07:29:44+00:00,56.017,30
KTLX-20221213T075319-084618-228,training,2022-12-13T07:53:19+00:00,2022-12-13T08:46:18+00:00,52.983,30
KTLX-20221213T090848-100515-229,training,2022-12-13T09:08:48+00:00,2022-12-13T10:05:15+00:00,56.45,30
KTLX-20221213T105420-114738-230,training,2022-12-13T10:54:20+00:00,2022-12-13T11:47:38+00:00,53.3,30
KTLX-20221213T115926-124726-231,training,2022-12-13T11:59:26+00:00,2022-12-13T12:47:26+00:00,48.0,30
KTLX-20221213T161701-171904-232,training,2022-12-13T16:17:01+00:00,2022-12-13T17:19:04+00:00,62.05,30
KTLX-20221213T172116-182414-233,training,2022-12-13T17:21:16+00:00,2022-12-13T18:24:14+00:00,62.967,30
KTLX-20230102T204424-220942-234,training,2023-01-02T20:44:24+00:00,2023-01-02T22:09:42+00:00,85.3,30
KTLX-20230102T221141-225706-235,training,2023-01-02T22:11:41+00:00,2023-01-02T22:57:06+00:00,45.417,30
KTLX-20230103T012403-022719-236,training,2023-01-03T01:24:03+00:00,2023-01-03T02:27:19+00:00,63.267,30
KTLX-20230103T022904-035904-237,training,2023-01-03T02:29:04+00:00,2023-01-03T03:59:04+00:00,90.0,30
KTLX-20230216T000536-012134-238,training,2023-02-16T00:05:36+00:00,2023-02-16T01:21:34+00:00,75.967,30
KTLX-20230216T015346-024354-239,training,2023-02-16T01:53:46+00:00,2023-02-16T02:43:54+00:00,50.133,30
KTLX-20230216T025610-034111-240,training,2023-02-16T02:56:10+00:00,2023-02-16T03:41:11+00:00,45.017,30
KTLX-20230222T065034-075540-241,training,2023-02-22T06:50:34+00:00,2023-02-22T07:55:40+00:00,65.1,30
KTLX-20230222T080915-090356-242,training,2023-02-22T08:09:15+00:00,2023-02-22T09:03:56+00:00,54.683,30
KTLX-20230222T102049-111720-243,training,2023-02-22T10:20:49+00:00,2023-02-22T11:17:20+00:00,56.517,30
KTLX-20230222T113732-123523-244,training,2023-02-22T11:37:32+00:00,2023-02-22T12:35:23+00:00,57.85,30
KTLX-20230222T125423-135145-245,training,2023-02-22T12:54:23+00:00,2023-02-22T13:51:45+00:00,57.367,30
KTLX-20230222T171858-183355-246,training,2023-02-22T17:18:58+00:00,2023-02-22T18:33:55+00:00,74.95,30
KTLX-20230227T042227-050813-247,training,2023-02-27T04:22:27+00:00,2023-02-27T05:08:13+00:00,45.767,30
KTLX-20230227T053604-062222-248,training,2023-02-27T05:36:04+00:00,2023-02-27T06:22:22+00:00,46.3,30
KTLX-20230302T212146-221427-249,training,2023-03-02T21:21:46+00:00,2023-03-02T22:14:27+00:00,52.683,30
KTLX-20230303T002027-010632-250,training,2023-03-03T00:20:27+00:00,2023-03-03T01:06:32+00:00,46.083,30
KTLX-20230303T023749-035535-251,training,2023-03-03T02:37:49+00:00,2023-03-03T03:55:35+00:00,77.767,30
KTLX-20230303T040842-052422-252,training,2023-03-03T04:08:42+00:00,2023-03-03T05:24:22+00:00,75.667,30
KTLX-20230303T082546-093847-253,training,2023-03-03T08:25:46+00:00,2023-03-03T09:38:47+00:00,73.017,30
KTLX-20230303T094123-105156-254,training,2023-03-03T09:41:23+00:00,2023-03-03T10:51:56+00:00,70.55,30
KTLX-20230303T122617-132400-255,training,2023-03-03T12:26:17+00:00,2023-03-03T13:24:00+00:00,57.717,30
KTLX-20230312T011437-021631-256,training,2023-03-12T01:14:37+00:00,2023-03-12T02:16:31+00:00,61.9,30
KTLX-20230312T032808-044033-257,training,2023-03-12T03:28:08+00:00,2023-03-12T04:40:33+00:00,72.417,30
KTLX-20230312T045024-060305-258,training,2023-03-12T04:50:24+00:00,2023-03-12T06:03:05+00:00,72.683,30
KTLX-20230312T060818-071210-259,training,2023-03-12T06:08:18+00:00,2023-03-12T07:12:10+00:00,63.867,30
KTLX-20230312T071400-084144-260,training,2023-03-12T07:14:00+00:00,2023-03-12T08:41:44+00:00,87.733,30
KTLX-20230312T115308-131337-261,training,2023-03-12T11:53:08+00:00,2023-03-12T13:13:37+00:00,80.483,30
KTLX-20230316T180625-192439-262,training,2023-03-16T18:06:25+00:00,2023-03-16T19:24:39+00:00,78.233,30
KTLX-20230316T192731-202113-263,training,2023-03-16T19:27:31+00:00,2023-03-16T20:21:13+00:00,53.7,30
KTLX-20230316T205804-214524-264,training,2023-03-16T20:58:04+00:00,2023-03-16T21:45:24+00:00,47.333,30
KTLX-20230316T222212-234210-265,training,2023-03-16T22:22:12+00:00,2023-03-16T23:42:10+00:00,79.967,30
KTLX-20230403T003844-013911-266,training,2023-04-03T00:38:44+00:00,2023-04-03T01:39:11+00:00,60.45,30
KTLX-20230414T200542-212136-267,training,2023-04-14T20:05:42+00:00,2023-04-14T21:21:36+00:00,75.9,30
KTLX-20230414T212537-222559-268,training,2023-04-14T21:25:37+00:00,2023-04-14T22:25:59+00:00,60.367,30
KTLX-20230415T011544-021718-269,training,2023-04-15T01:15:44+00:00,2023-04-15T02:17:18+00:00,61.567,30
KTLX-20230415T021917-034536-270,training,2023-04-15T02:19:17+00:00,2023-04-15T03:45:36+00:00,86.317,30
KTLX-20230419T222437-233325-271,training,2023-04-19T22:24:37+00:00,2023-04-19T23:33:25+00:00,68.8,30
KTLX-20230420T002044-010844-272,training,2023-04-20T00:20:44+00:00,2023-04-20T01:08:44+00:00,48.0,30
KTLX-20230420T011339-020236-273,training,2023-04-20T01:13:39+00:00,2023-04-20T02:02:36+00:00,48.95,30
KTLX-20230420T020928-025821-274,training,2023-04-20T02:09:28+00:00,2023-04-20T02:58:21+00:00,48.883,30
KTLX-20230420T030134-034746-275,training,2023-04-20T03:01:34+00:00,2023-04-20T03:47:46+00:00,46.2,30
KTLX-20230420T091502-100600-276,training,2023-04-20T09:15:02+00:00,2023-04-20T10:06:00+00:00,50.967,30
KTLX-20230507T001527-013311-277,training,2023-05-07T00:15:27+00:00,2023-05-07T01:33:11+00:00,77.733,30
KTLX-20230507T015720-031544-278,training,2023-05-07T01:57:20+00:00,2023-05-07T03:15:44+00:00,78.4,30
KTLX-20230507T033649-045129-279,training,2023-05-07T03:36:49+00:00,2023-05-07T04:51:29+00:00,74.667,30
KTLX-20230511T181649-193835-280,training,2023-05-11T18:16:49+00:00,2023-05-11T19:38:35+00:00,81.767,30
KTLX-20230511T203356-215822-281,training,2023-05-11T20:33:56+00:00,2023-05-11T21:58:22+00:00,84.433,30
KTLX-20230511T220028-230729-282,training,2023-05-11T22:00:28+00:00,2023-05-11T23:07:29+00:00,67.017,30
KTLX-20230512T005111-013717-283,training,2023-05-12T00:51:11+00:00,2023-05-12T01:37:17+00:00,46.1,30
KTLX-20230512T014021-022729-284,training,2023-05-12T01:40:21+00:00,2023-05-12T02:27:29+00:00,47.133,30
KTLX-20230512T031605-040530-285,training,2023-05-12T03:16:05+00:00,2023-05-12T04:05:30+00:00,49.417,30
KTLX-20230512T041345-050034-286,training,2023-05-12T04:13:45+00:00,2023-05-12T05:00:34+00:00,46.817,30
KTLX-20230512T060251-065337-287,training,2023-05-12T06:02:51+00:00,2023-05-12T06:53:37+00:00,50.767,30
KTLX-20230512T082020-093218-288,training,2023-05-12T08:20:20+00:00,2023-05-12T09:32:18+00:00,71.967,30
KTLX-20230512T114354-125444-289,training,2023-05-12T11:43:54+00:00,2023-05-12T12:54:44+00:00,70.833,30
KTLX-20230512T182101-193956-290,training,2023-05-12T18:21:01+00:00,2023-05-12T19:39:56+00:00,78.917,30
KTLX-20230513T010135-022436-291,training,2023-05-13T01:01:35+00:00,2023-05-13T02:24:36+00:00,83.017,30
KTLX-20230513T025349-035825-292,training,2023-05-13T02:53:49+00:00,2023-05-13T03:58:25+00:00,64.6,30
KTLX-20230513T041540-051052-293,training,2023-05-13T04:15:40+00:00,2023-05-13T05:10:52+00:00,55.2,30
KTLX-20230513T055840-065836-294,training,2023-05-13T05:58:40+00:00,2023-05-13T06:58:36+00:00,59.933,30
KTLX-20230513T071259-080725-295,training,2023-05-13T07:12:59+00:00,2023-05-13T08:07:25+00:00,54.433,30
KTLX-20230513T083313-093014-296,training,2023-05-13T08:33:13+00:00,2023-05-13T09:30:14+00:00,57.017,30
KTLX-20230513T111515-120901-297,training,2023-05-13T11:15:15+00:00,2023-05-13T12:09:01+00:00,53.767,30
KTLX-20230513T125607-134359-298,training,2023-05-13T12:56:07+00:00,2023-05-13T13:43:59+00:00,47.867,30
KTLX-20230513T141749-150530-299,training,2023-05-13T14:17:49+00:00,2023-05-13T15:05:30+00:00,47.683,30
KTLX-20230513T160450-164951-300,training,2023-05-13T16:04:50+00:00,2023-05-13T16:49:51+00:00,45.017,30
KTLX-20230513T205041-213743-301,training,2023-05-13T20:50:41+00:00,2023-05-13T21:37:43+00:00,47.033,30
KTLX-20230513T221103-230757-302,training,2023-05-13T22:11:03+00:00,2023-05-13T23:07:57+00:00,56.9,30
KTLX-20230514T005044-014625-303,training,2023-05-14T00:50:44+00:00,2023-05-14T01:46:25+00:00,55.683,30
KTLX-20230514T054715-063247-304,training,2023-05-14T05:47:15+00:00,2023-05-14T06:32:47+00:00,45.533,30
KTLX-20230514T065739-080326-305,training,2023-05-14T06:57:39+00:00,2023-05-14T08:03:26+00:00,65.783,30
KTLX-20230514T090039-101507-306,training,2023-05-14T09:00:39+00:00,2023-05-14T10:15:07+00:00,74.467,30
KTLX-20230514T133926-145829-307,training,2023-05-14T13:39:26+00:00,2023-05-14T14:58:29+00:00,79.05,30
KTLX-20230514T151421-163005-308,training,2023-05-14T15:14:21+00:00,2023-05-14T16:30:05+00:00,75.733,30
KTLX-20230514T171624-182328-309,training,2023-05-14T17:16:24+00:00,2023-05-14T18:23:28+00:00,67.067,30
KTLX-20230514T182818-193837-310,training,2023-05-14T18:28:18+00:00,2023-05-14T19:38:37+00:00,70.317,30
KTLX-20230514T195858-210443-311,training,2023-05-14T19:58:58+00:00,2023-05-14T21:04:43+00:00,65.75,30
KTLX-20230514T213143-223259-312,training,2023-05-14T21:31:43+00:00,2023-05-14T22:32:59+00:00,61.267,30
KTLX-20230514T225336-235815-313,training,2023-05-14T22:53:36+00:00,2023-05-14T23:58:15+00:00,64.65,30
KTLX-20230515T001135-011333-314,training,2023-05-15T00:11:35+00:00,2023-05-15T01:13:33+00:00,61.967,30
KTLX-20230515T052450-063438-315,training,2023-05-15T05:24:50+00:00,2023-05-15T06:34:38+00:00,69.8,30
KTLX-20230515T075825-091527-316,training,2023-05-15T07:58:25+00:00,2023-05-15T09:15:27+00:00,77.033,30
KTLX-20230515T101658-113339-317,training,2023-05-15T10:16:58+00:00,2023-05-15T11:33:39+00:00,76.683,30
KTLX-20230515T120605-131757-318,training,2023-05-15T12:06:05+00:00,2023-05-15T13:17:57+00:00,71.867,30
KTLX-20230515T160403-172224-319,training,2023-05-15T16:04:03+00:00,2023-05-15T17:22:24+00:00,78.35,30
KTLX-20230515T173023-184800-320,training,2023-05-15T17:30:23+00:00,2023-05-15T18:48:00+00:00,77.617,30
KTLX-20230515T200526-210550-321,training,2023-05-15T20:05:26+00:00,2023-05-15T21:05:50+00:00,60.4,30
KTLX-20230515T214747-224617-322,training,2023-05-15T21:47:47+00:00,2023-05-15T22:46:17+00:00,58.5,30
KTLX-20230516T003145-012919-323,training,2023-05-16T00:31:45+00:00,2023-05-16T01:29:19+00:00,57.567,30
KTLX-20230516T031529-041347-324,training,2023-05-16T03:15:29+00:00,2023-05-16T04:13:47+00:00,58.3,30
KTLX-20230516T050410-060434-325,training,2023-05-16T05:04:10+00:00,2023-05-16T06:04:34+00:00,60.4,30
KTLX-20230516T062145-072522-326,training,2023-05-16T06:21:45+00:00,2023-05-16T07:25:22+00:00,63.617,30
KTLX-20230519T095636-105630-327,training,2023-05-19T09:56:36+00:00,2023-05-19T10:56:30+00:00,59.9,30
KTLX-20230519T121215-130306-328,training,2023-05-19T12:12:15+00:00,2023-05-19T13:03:06+00:00,50.85,30
KTLX-20230519T130502-135936-329,training,2023-05-19T13:05:02+00:00,2023-05-19T13:59:36+00:00,54.567,30
KTLX-20230519T150434-155309-330,training,2023-05-19T15:04:34+00:00,2023-05-19T15:53:09+00:00,48.583,30
KTLX-20230519T155634-164144-331,training,2023-05-19T15:56:34+00:00,2023-05-19T16:41:44+00:00,45.167,30
KTLX-20230519T170326-174900-332,training,2023-05-19T17:03:26+00:00,2023-05-19T17:49:00+00:00,45.567,30
KTLX-20230519T201102-210201-333,training,2023-05-19T20:11:02+00:00,2023-05-19T21:02:01+00:00,50.983,30
KTLX-20230519T211312-220430-334,training,2023-05-19T21:13:12+00:00,2023-05-19T22:04:30+00:00,51.3,30
KTLX-20230519T222654-231329-335,training,2023-05-19T22:26:54+00:00,2023-05-19T23:13:29+00:00,46.583,30
KTLX-20230520T013729-024130-336,training,2023-05-20T01:37:29+00:00,2023-05-20T02:41:30+00:00,64.017,30
KTLX-20230522T224542-235434-337,training,2023-05-22T22:45:42+00:00,2023-05-22T23:54:34+00:00,68.867,30
KTLX-20230523T005834-015709-338,training,2023-05-23T00:58:34+00:00,2023-05-23T01:57:09+00:00,58.583,30
KTLX-20230523T020729-032705-339,training,2023-05-23T02:07:29+00:00,2023-05-23T03:27:05+00:00,79.6,30
KTLX-20230529T215911-230814-340,training,2023-05-29T21:59:11+00:00,2023-05-29T23:08:14+00:00,69.05,30
KTLX-20230530T011720-021606-341,training,2023-05-30T01:17:20+00:00,2023-05-30T02:16:06+00:00,58.767,30
KTLX-20230530T040931-052023-342,training,2023-05-30T04:09:31+00:00,2023-05-30T05:20:23+00:00,70.867,30
KTLX-20230530T073553-084226-343,training,2023-05-30T07:35:53+00:00,2023-05-30T08:42:26+00:00,66.55,30
KTLX-20230530T174227-185050-344,training,2023-05-30T17:42:27+00:00,2023-05-30T18:50:50+00:00,68.383,30
KTLX-20230530T190247-200500-345,training,2023-05-30T19:02:47+00:00,2023-05-30T20:05:00+00:00,62.217,30
KTLX-20230530T205714-220308-346,training,2023-05-30T20:57:14+00:00,2023-05-30T22:03:08+00:00,65.9,30
KTLX-20230530T221955-233828-347,training,2023-05-30T22:19:55+00:00,2023-05-30T23:38:28+00:00,78.55,30
KTLX-20230531T055856-072046-348,training,2023-05-31T05:58:56+00:00,2023-05-31T07:20:46+00:00,81.833,30
KTLX-20230531T073521-083413-349,training,2023-05-31T07:35:21+00:00,2023-05-31T08:34:13+00:00,58.867,30
KTLX-20230531T091015-101056-350,training,2023-05-31T09:10:15+00:00,2023-05-31T10:10:56+00:00,60.683,30
KTLX-20230531T102520-112528-351,training,2023-05-31T10:25:20+00:00,2023-05-31T11:25:28+00:00,60.133,30
KTLX-20230531T171720-184510-352,training,2023-05-31T17:17:20+00:00,2023-05-31T18:45:10+00:00,87.833,30
KTLX-20230531T193928-203955-353,training,2023-05-31T19:39:28+00:00,2023-05-31T20:39:55+00:00,60.45,30
KTLX-20230531T204206-220214-354,training,2023-05-31T20:42:06+00:00,2023-05-31T22:02:14+00:00,80.133,30
KTLX-20230531T222030-232743-355,training,2023-05-31T22:20:30+00:00,2023-05-31T23:27:43+00:00,67.217,30
KTLX-20230601T002857-014413-356,training,2023-06-01T00:28:57+00:00,2023-06-01T01:44:13+00:00,75.267,30
KTLX-20230601T020219-030157-357,training,2023-06-01T02:02:19+00:00,2023-06-01T03:01:57+00:00,59.633,30
KTLX-20230601T043926-054008-358,training,2023-06-01T04:39:26+00:00,2023-06-01T05:40:08+00:00,60.7,30
KTLX-20230601T072259-082151-359,training,2023-06-01T07:22:59+00:00,2023-06-01T08:21:51+00:00,58.867,30
KTLX-20230601T090829-101055-360,training,2023-06-01T09:08:29+00:00,2023-06-01T10:10:55+00:00,62.433,30
KTLX-20230601T155112-165446-361,training,2023-06-01T15:51:12+00:00,2023-06-01T16:54:46+00:00,63.567,30
KTLX-20230601T182144-193429-362,training,2023-06-01T18:21:44+00:00,2023-06-01T19:34:29+00:00,72.75,30
KTLX-20230601T194645-205906-363,training,2023-06-01T19:46:45+00:00,2023-06-01T20:59:06+00:00,72.35,30
KTLX-20230601T221450-233138-364,training,2023-06-01T22:14:50+00:00,2023-06-01T23:31:38+00:00,76.8,30
KTLX-20230602T001322-012749-365,training,2023-06-02T00:13:22+00:00,2023-06-02T01:27:49+00:00,74.45,30
KTLX-20230602T044907-061426-366,training,2023-06-02T04:49:07+00:00,2023-06-02T06:14:26+00:00,85.317,30
KTLX-20230616T003051-014209-367,training,2023-06-16T00:30:51+00:00,2023-06-16T01:42:09+00:00,71.3,30
KTLX-20230616T023835-035308-368,training,2023-06-16T02:38:35+00:00,2023-06-16T03:53:08+00:00,74.55,30
KTLX-20230616T040549-051559-369,training,2023-06-16T04:05:49+00:00,2023-06-16T05:15:59+00:00,70.167,30
KTLX-20230616T053135-063218-370,training,2023-06-16T05:31:35+00:00,2023-06-16T06:32:18+00:00,60.717,30
KTLX-20230616T065014-074822-371,training,2023-06-16T06:50:14+00:00,2023-06-16T07:48:22+00:00,58.133,30
KTLX-20230616T075430-091316-372,training,2023-06-16T07:54:30+00:00,2023-06-16T09:13:16+00:00,78.767,30
KTLX-20230616T092153-102258-373,training,2023-06-16T09:21:53+00:00,2023-06-16T10:22:58+00:00,61.083,30
KTLX-20230616T102706-112638-374,training,2023-06-16T10:27:06+00:00,2023-06-16T11:26:38+00:00,59.533,30
KTLX-20230616T113230-122756-375,training,2023-06-16T11:32:30+00:00,2023-06-16T12:27:56+00:00,55.433,30
KTLX-20230616T130947-140846-376,training,2023-06-16T13:09:47+00:00,2023-06-16T14:08:46+00:00,58.983,30
KTLX-20230616T154454-164644-377,training,2023-06-16T15:44:54+00:00,2023-06-16T16:46:44+00:00,61.833,30
KTLX-20230618T030338-035230-378,training,2023-06-18T03:03:38+00:00,2023-06-18T03:52:30+00:00,48.867,30
KTLX-20230618T040100-044836-379,training,2023-06-18T04:01:00+00:00,2023-06-18T04:48:36+00:00,47.6,30
KTLX-20230618T053816-062628-380,training,2023-06-18T05:38:16+00:00,2023-06-18T06:26:28+00:00,48.2,30
KTLX-20230618T062748-075555-381,training,2023-06-18T06:27:48+00:00,2023-06-18T07:55:55+00:00,88.117,30
KTLX-20230622T020156-032926-382,training,2023-06-22T02:01:56+00:00,2023-06-22T03:29:26+00:00,87.5,30
KTLX-20230622T070108-080234-383,training,2023-06-22T07:01:08+00:00,2023-06-22T08:02:34+00:00,61.433,30
KTLX-20230622T081322-091529-384,training,2023-06-22T08:13:22+00:00,2023-06-22T09:15:29+00:00,62.117,30
KTLX-20230622T203026-214310-385,training,2023-06-22T20:30:26+00:00,2023-06-22T21:43:10+00:00,72.733,30
KTLX-20230622T222357-232249-386,training,2023-06-22T22:23:57+00:00,2023-06-22T23:22:49+00:00,58.867,30
KTLX-20230623T000422-011553-387,training,2023-06-23T00:04:22+00:00,2023-06-23T01:15:53+00:00,71.517,30
KTLX-20230623T015736-030920-388,training,2023-06-23T01:57:36+00:00,2023-06-23T03:09:20+00:00,71.733,30
KTLX-20230623T035642-051937-389,training,2023-06-23T03:56:42+00:00,2023-06-23T05:19:37+00:00,82.917,30
KTLX-20230623T170103-182957-390,training,2023-06-23T17:01:03+00:00,2023-06-23T18:29:57+00:00,88.9,30
KTLX-20230623T184812-200528-391,training,2023-06-23T18:48:12+00:00,2023-06-23T20:05:28+00:00,77.267,30
KTLX-20230623T210326-220800-392,training,2023-06-23T21:03:26+00:00,2023-06-23T22:08:00+00:00,64.567,30
KTLX-20230624T045538-055510-393,training,2023-06-24T04:55:38+00:00,2023-06-24T05:55:10+00:00,59.533,30
KTLX-20230624T055709-065826-394,training,2023-06-24T05:57:09+00:00,2023-06-24T06:58:26+00:00,61.283,30
KTLX-20230624T092100-102725-395,training,2023-06-24T09:21:00+00:00,2023-06-24T10:27:25+00:00,66.417,30
KTLX-20230624T102909-112453-396,training,2023-06-24T10:29:09+00:00,2023-06-24T11:24:53+00:00,55.733,30
KTLX-20230624T131552-142323-397,training,2023-06-24T13:15:52+00:00,2023-06-24T14:23:23+00:00,67.517,30
KTLX-20230624T144032-155115-398,training,2023-06-24T14:40:32+00:00,2023-06-24T15:51:15+00:00,70.717,30
KTLX-20230624T164932-180005-399,training,2023-06-24T16:49:32+00:00,2023-06-24T18:00:05+00:00,70.55,30
KTLX-20230703T164356-181310-400,training,2023-07-03T16:43:56+00:00,2023-07-03T18:13:10+00:00,89.233,30
KTLX-20230703T193542-205250-401,training,2023-07-03T19:35:42+00:00,2023-07-03T20:52:50+00:00,77.133,30
KTLX-20230703T210851-222307-402,training,2023-07-03T21:08:51+00:00,2023-07-03T22:23:07+00:00,74.267,30
KTLX-20230704T003418-014845-403,training,2023-07-04T00:34:18+00:00,2023-07-04T01:48:45+00:00,74.45,30
KTLX-20230704T024216-034307-404,training,2023-07-04T02:42:16+00:00,2023-07-04T03:43:07+00:00,60.85,30
KTLX-20230704T045002-054828-405,training,2023-07-04T04:50:02+00:00,2023-07-04T05:48:28+00:00,58.433,30
KTLX-20230704T065828-081120-406,training,2023-07-04T06:58:28+00:00,2023-07-04T08:11:20+00:00,72.867,30
KTLX-20230704T085720-101357-407,training,2023-07-04T08:57:20+00:00,2023-07-04T10:13:57+00:00,76.617,30
KTLX-20230704T144735-154338-408,training,2023-07-04T14:47:35+00:00,2023-07-04T15:43:38+00:00,56.05,30
KTLX-20230704T155259-164944-409,training,2023-07-04T15:52:59+00:00,2023-07-04T16:49:44+00:00,56.75,30
KTLX-20230704T170946-180935-410,training,2023-07-04T17:09:46+00:00,2023-07-04T18:09:35+00:00,59.817,30
KTLX-20230704T181920-191521-411,training,2023-07-04T18:19:20+00:00,2023-07-04T19:15:21+00:00,56.017,30
KTLX-20230704T194236-203827-412,training,2023-07-04T19:42:36+00:00,2023-07-04T20:38:27+00:00,55.85,30
KTLX-20230705T011846-022356-413,training,2023-07-05T01:18:46+00:00,2023-07-05T02:23:56+00:00,65.167,30
KTLX-20230705T063854-080242-414,training,2023-07-05T06:38:54+00:00,2023-07-05T08:02:42+00:00,83.8,30
KTLX-20230705T082522-092505-415,training,2023-07-05T08:25:22+00:00,2023-07-05T09:25:05+00:00,59.717,30
KTLX-20230705T093340-103502-416,training,2023-07-05T09:33:40+00:00,2023-07-05T10:35:02+00:00,61.367,30
KTLX-20230705T114932-124703-417,training,2023-07-05T11:49:32+00:00,2023-07-05T12:47:03+00:00,57.517,30
KTLX-20230705T132713-144036-418,training,2023-07-05T13:27:13+00:00,2023-07-05T14:40:36+00:00,73.383,30
KTLX-20230705T152900-163906-419,training,2023-07-05T15:29:00+00:00,2023-07-05T16:39:06+00:00,70.1,30
KTLX-20230705T184710-201417-420,training,2023-07-05T18:47:10+00:00,2023-07-05T20:14:17+00:00,87.117,30
KTLX-20230707T105200-121839-421,training,2023-07-07T10:52:00+00:00,2023-07-07T12:18:39+00:00,86.65,30
KTLX-20230707T124055-133849-422,training,2023-07-07T12:40:55+00:00,2023-07-07T13:38:49+00:00,57.9,30
KTLX-20230707T134243-143829-423,training,2023-07-07T13:42:43+00:00,2023-07-07T14:38:29+00:00,55.767,30
KTLX-20230708T022849-033216-424,training,2023-07-08T02:28:49+00:00,2023-07-08T03:32:16+00:00,63.45,30
KTLX-20230708T063206-072013-425,training,2023-07-08T06:32:06+00:00,2023-07-08T07:20:13+00:00,48.117,30
KTLX-20230708T101033-105606-426,training,2023-07-08T10:10:33+00:00,2023-07-08T10:56:06+00:00,45.55,30
KTLX-20230709T082400-093520-427,training,2023-07-09T08:24:00+00:00,2023-07-09T09:35:20+00:00,71.333,30
KTLX-20230709T094735-104642-428,training,2023-07-09T09:47:35+00:00,2023-07-09T10:46:42+00:00,59.117,30
KTLX-20230709T111108-121010-429,training,2023-07-09T11:11:08+00:00,2023-07-09T12:10:10+00:00,59.033,30
KTLX-20230709T123424-140342-430,training,2023-07-09T12:34:24+00:00,2023-07-09T14:03:42+00:00,89.3,30
KTLX-20230711T082828-095708-431,training,2023-07-11T08:28:28+00:00,2023-07-11T09:57:08+00:00,88.667,30
KTLX-20230711T101532-110358-432,training,2023-07-11T10:15:32+00:00,2023-07-11T11:03:58+00:00,48.433,30
KTLX-20230711T144604-155235-433,training,2023-07-11T14:46:04+00:00,2023-07-11T15:52:35+00:00,66.517,30
KTLX-20230711T165349-182034-434,training,2023-07-11T16:53:49+00:00,2023-07-11T18:20:34+00:00,86.75,30
KTLX-20230715T022304-034719-435,training,2023-07-15T02:23:04+00:00,2023-07-15T03:47:19+00:00,84.25,30
KTLX-20230715T035501-051048-436,training,2023-07-15T03:55:01+00:00,2023-07-15T05:10:48+00:00,75.783,30
KTLX-20230715T052754-063136-437,training,2023-07-15T05:27:54+00:00,2023-07-15T06:31:36+00:00,63.7,30
KTLX-20230715T064405-074710-438,training,2023-07-15T06:44:05+00:00,2023-07-15T07:47:10+00:00,63.083,30
KTLX-20230715T090009-100510-439,training,2023-07-15T09:00:09+00:00,2023-07-15T10:05:10+00:00,65.017,30
KTLX-20230715T104905-114703-440,training,2023-07-15T10:49:05+00:00,2023-07-15T11:47:03+00:00,57.967,30
KTLX-20230717T163621-174750-441,training,2023-07-17T16:36:21+00:00,2023-07-17T17:47:50+00:00,71.483,30
KTLX-20230717T185026-195036-442,training,2023-07-17T18:50:26+00:00,2023-07-17T19:50:36+00:00,60.167,30
KTLX-20230717T223953-234053-443,training,2023-07-17T22:39:53+00:00,2023-07-17T23:40:53+00:00,61.0,30
KTLX-20230718T000800-010749-444,training,2023-07-18T00:08:00+00:00,2023-07-18T01:07:49+00:00,59.817,30
KTLX-20230718T023459-033750-445,training,2023-07-18T02:34:59+00:00,2023-07-18T03:37:50+00:00,62.85,30
KTLX-20230718T043844-054326-446,training,2023-07-18T04:38:44+00:00,2023-07-18T05:43:26+00:00,64.7,30
KTLX-20230718T064708-074836-447,training,2023-07-18T06:47:08+00:00,2023-07-18T07:48:36+00:00,61.467,30
KTLX-20230718T075059-085149-448,training,2023-07-18T07:50:59+00:00,2023-07-18T08:51:49+00:00,60.833,30
KTLX-20230718T093859-104512-449,training,2023-07-18T09:38:59+00:00,2023-07-18T10:45:12+00:00,66.217,30
KTLX-20230719T002506-012718-450,training,2023-07-19T00:25:06+00:00,2023-07-19T01:27:18+00:00,62.2,30
KTLX-20230719T021700-032056-451,training,2023-07-19T02:17:00+00:00,2023-07-19T03:20:56+00:00,63.933,30
KTLX-20230719T033426-043802-452,training,2023-07-19T03:34:26+00:00,2023-07-19T04:38:02+00:00,63.6,30
KTLX-20230719T052443-062654-453,training,2023-07-19T05:24:43+00:00,2023-07-19T06:26:54+00:00,62.183,30
KTLX-20230721T052809-063838-454,training,2023-07-21T05:28:09+00:00,2023-07-21T06:38:38+00:00,70.483,30
KTLX-20230721T064233-074254-455,training,2023-07-21T06:42:33+00:00,2023-07-21T07:42:54+00:00,60.35,30
KTLX-20230721T080246-090625-456,training,2023-07-21T08:02:46+00:00,2023-07-21T09:06:25+00:00,63.65,30
KTLX-20230721T091057-102214-457,training,2023-07-21T09:10:57+00:00,2023-07-21T10:22:14+00:00,71.283,30
KTLX-20230808T083814-095817-458,training,2023-08-08T08:38:14+00:00,2023-08-08T09:58:17+00:00,80.05,30
KTLX-20230808T105004-120136-459,training,2023-08-08T10:50:04+00:00,2023-08-08T12:01:36+00:00,71.533,30
KTLX-20230808T131519-142742-460,training,2023-08-08T13:15:19+00:00,2023-08-08T14:27:42+00:00,72.383,30
KTLX-20230808T145100-155748-461,training,2023-08-08T14:51:00+00:00,2023-08-08T15:57:48+00:00,66.8,30
KTLX-20230812T043918-055205-462,training,2023-08-12T04:39:18+00:00,2023-08-12T05:52:05+00:00,72.783,30
KTLX-20230812T065908-081445-463,training,2023-08-12T06:59:08+00:00,2023-08-12T08:14:45+00:00,75.617,30
KTLX-20230812T082258-094039-464,training,2023-08-12T08:22:58+00:00,2023-08-12T09:40:39+00:00,77.683,30
KTLX-20230812T105329-120918-465,training,2023-08-12T10:53:29+00:00,2023-08-12T12:09:18+00:00,75.817,30
KTLX-20230812T124634-140320-466,training,2023-08-12T12:46:34+00:00,2023-08-12T14:03:20+00:00,76.767,30
KTLX-20230812T144947-160614-467,training,2023-08-12T14:49:47+00:00,2023-08-12T16:06:14+00:00,76.45,30
KTLX-20230812T161857-173304-468,training,2023-08-12T16:18:57+00:00,2023-08-12T17:33:04+00:00,74.117,30
KTLX-20230812T192309-204005-469,training,2023-08-12T19:23:09+00:00,2023-08-12T20:40:05+00:00,76.933,30
KTLX-20230812T204519-220111-470,training,2023-08-12T20:45:19+00:00,2023-08-12T22:01:11+00:00,75.867,30
KTLX-20230812T224116-235736-471,training,2023-08-12T22:41:16+00:00,2023-08-12T23:57:36+00:00,76.333,30
KTLX-20230813T000025-011505-472,training,2023-08-13T00:00:25+00:00,2023-08-13T01:15:05+00:00,74.667,30
KTLX-20230813T013358-024921-473,training,2023-08-13T01:33:58+00:00,2023-08-13T02:49:21+00:00,75.383,30
KTLX-20230826T195428-212148-474,training,2023-08-26T19:54:28+00:00,2023-08-26T21:21:48+00:00,87.333,30
KTLX-20230826T212401-221637-475,training,2023-08-26T21:24:01+00:00,2023-08-26T22:16:37+00:00,52.6,30
KTLX-20230826T230441-235454-476,training,2023-08-26T23:04:41+00:00,2023-08-26T23:54:54+00:00,50.217,30
KTLX-20230827T003622-012559-477,training,2023-08-27T00:36:22+00:00,2023-08-27T01:25:59+00:00,49.617,30
KTLX-20230827T013600-022658-478,training,2023-08-27T01:36:00+00:00,2023-08-27T02:26:58+00:00,50.967,30
KTLX-20230906T004437-013323-479,training,2023-09-06T00:44:37+00:00,2023-09-06T01:33:23+00:00,48.767,30
KTLX-20230906T030827-035345-480,training,2023-09-06T03:08:27+00:00,2023-09-06T03:53:45+00:00,45.3,30
KTLX-20230906T035600-050500-481,training,2023-09-06T03:56:00+00:00,2023-09-06T05:05:00+00:00,69.0,30
KTLX-20230906T072422-083537-482,training,2023-09-06T07:24:22+00:00,2023-09-06T08:35:37+00:00,71.25,30
KTLX-20230906T085957-100604-483,training,2023-09-06T08:59:57+00:00,2023-09-06T10:06:04+00:00,66.117,30
KTLX-20230920T021336-033243-484,training,2023-09-20T02:13:36+00:00,2023-09-20T03:32:43+00:00,79.117,30
KTLX-20230924T015327-024246-485,training,2023-09-24T01:53:27+00:00,2023-09-24T02:42:46+00:00,49.317,30
KTLX-20230924T034912-043816-486,training,2023-09-24T03:49:12+00:00,2023-09-24T04:38:16+00:00,49.067,30
KTLX-20230924T060027-064809-487,training,2023-09-24T06:00:27+00:00,2023-09-24T06:48:09+00:00,47.7,30
KTLX-20230924T072923-081445-488,training,2023-09-24T07:29:23+00:00,2023-09-24T08:14:45+00:00,45.367,30
KTLX-20230924T153015-164905-489,training,2023-09-24T15:30:15+00:00,2023-09-24T16:49:05+00:00,78.833,30
KTLX-20230924T180402-192131-490,training,2023-09-24T18:04:02+00:00,2023-09-24T19:21:31+00:00,77.483,30
KTLX-20230924T193938-205535-491,training,2023-09-24T19:39:38+00:00,2023-09-24T20:55:35+00:00,75.95,30
KTLX-20230924T214617-230156-492,training,2023-09-24T21:46:17+00:00,2023-09-24T23:01:56+00:00,75.65,30
KTLX-20230925T000520-011246-493,training,2023-09-25T00:05:20+00:00,2023-09-25T01:12:46+00:00,67.433,30
KTLX-20230925T021205-032704-494,training,2023-09-25T02:12:05+00:00,2023-09-25T03:27:04+00:00,74.983,30
KTLX-20230925T033645-044553-495,training,2023-09-25T03:36:45+00:00,2023-09-25T04:45:53+00:00,69.133,30
KTLX-20230925T054521-065952-496,training,2023-09-25T05:45:21+00:00,2023-09-25T06:59:52+00:00,74.517,30
KTLX-20230925T074830-090545-497,training,2023-09-25T07:48:30+00:00,2023-09-25T09:05:45+00:00,77.25,30
KTLX-20230925T091300-102523-498,training,2023-09-25T09:13:00+00:00,2023-09-25T10:25:23+00:00,72.383,30
KTLX-20230925T112632-123438-499,training,2023-09-25T11:26:32+00:00,2023-09-25T12:34:38+00:00,68.1,30
KTLX-20231004T195925-211525-500,training,2023-10-04T19:59:25+00:00,2023-10-04T21:15:25+00:00,76.0,30
KTLX-20231004T212322-223717-501,training,2023-10-04T21:23:22+00:00,2023-10-04T22:37:17+00:00,73.917,30
KTLX-20231004T224507-235935-502,training,2023-10-04T22:45:07+00:00,2023-10-04T23:59:35+00:00,74.467,30
KTLX-20231005T000718-012348-503,training,2023-10-05T00:07:18+00:00,2023-10-05T01:23:48+00:00,76.5,30
KTLX-20231019T000538-013220-504,training,2023-10-19T00:05:38+00:00,2023-10-19T01:32:20+00:00,86.7,30
KTLX-20231019T034612-051235-505,training,2023-10-19T03:46:12+00:00,2023-10-19T05:12:35+00:00,86.383,30
KTLX-20231019T122516-133903-506,training,2023-10-19T12:25:16+00:00,2023-10-19T13:39:03+00:00,73.783,30
KTLX-20231025T223941-234751-507,training,2023-10-25T22:39:41+00:00,2023-10-25T23:47:51+00:00,68.167,30
KTLX-20231026T023822-035744-508,training,2023-10-26T02:38:22+00:00,2023-10-26T03:57:44+00:00,79.367,30
KTLX-20240314T163708-174044-509,training,2024-03-14T16:37:08+00:00,2024-03-14T17:40:44+00:00,63.6,30
KTLX-20240314T174344-182921-510,training,2024-03-14T17:43:44+00:00,2024-03-14T18:29:21+00:00,45.617,30
KTLX-20240314T194240-202752-511,training,2024-03-14T19:42:40+00:00,2024-03-14T20:27:52+00:00,45.2,30
KTLX-20240314T203042-211650-512,training,2024-03-14T20:30:42+00:00,2024-03-14T21:16:50+00:00,46.133,30
KTLX-20240314T212638-221340-513,training,2024-03-14T21:26:38+00:00,2024-03-14T22:13:40+00:00,47.033,30
KTLX-20240315T010024-015404-514,training,2024-03-15T01:00:24+00:00,2024-03-15T01:54:04+00:00,53.667,30
KTLX-20240315T031312-043246-515,training,2024-03-15T03:13:12+00:00,2024-03-15T04:32:46+00:00,79.567,30
KTLX-20240315T063650-075625-516,training,2024-03-15T06:36:50+00:00,2024-03-15T07:56:25+00:00,79.583,30
KTLX-20240315T094552-111409-517,training,2024-03-15T09:45:52+00:00,2024-03-15T11:14:09+00:00,88.283,30
KTLX-20240325T035806-050651-518,training,2024-03-25T03:58:06+00:00,2024-03-25T05:06:51+00:00,68.75,30
KTLX-20240325T051109-061321-519,training,2024-03-25T05:11:09+00:00,2024-03-25T06:13:21+00:00,62.2,30
KTLX-20240325T064646-074905-520,training,2024-03-25T06:46:46+00:00,2024-03-25T07:49:05+00:00,62.317,30
KTLX-20240325T095256-105603-521,training,2024-03-25T09:52:56+00:00,2024-03-25T10:56:03+00:00,63.117,30
KTLX-20240325T114951-125949-522,training,2024-03-25T11:49:51+00:00,2024-03-25T12:59:49+00:00,69.967,30
KTLX-20240325T134259-145216-523,training,2024-03-25T13:42:59+00:00,2024-03-25T14:52:16+00:00,69.283,30
KTLX-20240325T145700-160453-524,training,2024-03-25T14:57:00+00:00,2024-03-25T16:04:53+00:00,67.883,30
KTLX-20240325T205337-215205-525,training,2024-03-25T20:53:37+00:00,2024-03-25T21:52:05+00:00,58.467,30
KTLX-20240325T215607-225536-526,training,2024-03-25T21:56:07+00:00,2024-03-25T22:55:36+00:00,59.483,30
KTLX-20240325T225742-235845-527,training,2024-03-25T22:57:42+00:00,2024-03-25T23:58:45+00:00,61.05,30
KTLX-20240401T225407-235338-528,training,2024-04-01T22:54:07+00:00,2024-04-01T23:53:38+00:00,59.517,30
KTLX-20240402T011441-020149-529,training,2024-04-02T01:14:41+00:00,2024-04-02T02:01:49+00:00,47.133,30
KTLX-20240402T033814-042400-530,training,2024-04-02T03:38:14+00:00,2024-04-02T04:24:00+00:00,45.767,30
KTLX-20240402T053536-064020-531,training,2024-04-02T05:35:36+00:00,2024-04-02T06:40:20+00:00,64.733,30
KTLX-20240406T223851-233447-532,training,2024-04-06T22:38:51+00:00,2024-04-06T23:34:47+00:00,55.933,30
KTLX-20240407T002305-013841-533,training,2024-04-07T00:23:05+00:00,2024-04-07T01:38:41+00:00,75.6,30
KTLX-20240426T090809-100932-534,training,2024-04-26T09:08:09+00:00,2024-04-26T10:09:32+00:00,61.383,30
KTLX-20240426T101924-110808-535,training,2024-04-26T10:19:24+00:00,2024-04-26T11:08:08+00:00,48.733,30
KTLX-20240426T115637-124309-536,training,2024-04-26T11:56:37+00:00,2024-04-26T12:43:09+00:00,46.533,30
KTLX-20240426T125919-134450-537,training,2024-04-26T12:59:19+00:00,2024-04-26T13:44:50+00:00,45.517,30
KTLX-20240426T154810-164737-538,training,2024-04-26T15:48:10+00:00,2024-04-26T16:47:37+00:00,59.45,30
KTLX-20240426T170233-180323-539,training,2024-04-26T17:02:33+00:00,2024-04-26T18:03:23+00:00,60.833,30
KTLX-20240426T185634-195605-540,training,2024-04-26T18:56:34+00:00,2024-04-26T19:56:05+00:00,59.517,30
KTLX-20240426T222324-232204-541,training,2024-04-26T22:23:24+00:00,2024-04-26T23:22:04+00:00,58.667,30
KTLX-20240427T041852-053658-542,training,2024-04-27T04:18:52+00:00,2024-04-27T05:36:58+00:00,78.1,30
KTLX-20240427T055355-072205-543,training,2024-04-27T05:53:55+00:00,2024-04-27T07:22:05+00:00,88.167,30
KTLX-20240427T115640-125809-544,training,2024-04-27T11:56:40+00:00,2024-04-27T12:58:09+00:00,61.483,30
KTLX-20240427T135713-150328-545,training,2024-04-27T13:57:13+00:00,2024-04-27T15:03:28+00:00,66.25,30
KTLX-20240427T151225-161436-546,training,2024-04-27T15:12:25+00:00,2024-04-27T16:14:36+00:00,62.183,30
KTLX-20240427T183608-192606-547,training,2024-04-27T18:36:08+00:00,2024-04-27T19:26:06+00:00,49.967,30
KTLX-20240427T193820-202420-548,training,2024-04-27T19:38:20+00:00,2024-04-27T20:24:20+00:00,46.0,30
KTLX-20240427T202734-211339-549,training,2024-04-27T20:27:34+00:00,2024-04-27T21:13:39+00:00,46.083,30
KTLX-20240427T222314-230841-550,training,2024-04-27T22:23:14+00:00,2024-04-27T23:08:41+00:00,45.45,30
KTLX-20240428T013519-022024-551,training,2024-04-28T01:35:19+00:00,2024-04-28T02:20:24+00:00,45.083,30
KTLX-20240428T022144-030943-552,training,2024-04-28T02:21:44+00:00,2024-04-28T03:09:43+00:00,47.983,30
KTLX-20240428T034612-043442-553,training,2024-04-28T03:46:12+00:00,2024-04-28T04:34:42+00:00,48.5,30
KTLX-20240428T043957-054255-554,training,2024-04-28T04:39:57+00:00,2024-04-28T05:42:55+00:00,62.967,30
KTLX-20240428T055040-063901-555,training,2024-04-28T05:50:40+00:00,2024-04-28T06:39:01+00:00,48.35,30
KTLX-20240428T070951-075750-556,training,2024-04-28T07:09:51+00:00,2024-04-28T07:57:50+00:00,47.983,30
KTLX-20240428T075928-084528-557,training,2024-04-28T07:59:28+00:00,2024-04-28T08:45:28+00:00,46.0,30
KTLX-20240429T001000-010316-558,training,2024-04-29T00:10:00+00:00,2024-04-29T01:03:16+00:00,53.267,30
KTLX-20240429T013806-023459-559,training,2024-04-29T01:38:06+00:00,2024-04-29T02:34:59+00:00,56.883,30
KTLX-20240429T023643-033059-560,training,2024-04-29T02:36:43+00:00,2024-04-29T03:30:59+00:00,54.267,30
KTLX-20240429T035705-044840-561,training,2024-04-29T03:57:05+00:00,2024-04-29T04:48:40+00:00,51.583,30
KTLX-20240429T051301-060349-562,training,2024-04-29T05:13:01+00:00,2024-04-29T06:03:49+00:00,50.8,30
KTLX-20240429T064914-073910-563,training,2024-04-29T06:49:14+00:00,2024-04-29T07:39:10+00:00,49.933,30
KTLX-20240429T080950-085831-564,training,2024-04-29T08:09:50+00:00,2024-04-29T08:58:31+00:00,48.683,30
KTLX-20240429T090457-095335-565,training,2024-04-29T09:04:57+00:00,2024-04-29T09:53:35+00:00,48.633,30
KTLX-20240429T100500-105338-566,training,2024-04-29T10:05:00+00:00,2024-04-29T10:53:38+00:00,48.633,30
KTLX-20240429T121144-125956-567,training,2024-04-29T12:11:44+00:00,2024-04-29T12:59:56+00:00,48.2,30
KTLX-20240429T130832-141758-568,training,2024-04-29T13:08:32+00:00,2024-04-29T14:17:58+00:00,69.433,30
KTLX-20240430T192125-204933-569,training,2024-04-30T19:21:25+00:00,2024-04-30T20:49:33+00:00,88.133,30
KTLX-20240430T211902-222434-570,training,2024-04-30T21:19:02+00:00,2024-04-30T22:24:34+00:00,65.533,30
KTLX-20240430T223856-232448-571,training,2024-04-30T22:38:56+00:00,2024-04-30T23:24:48+00:00,45.867,30
KTLX-20240501T001024-005559-572,training,2024-05-01T00:10:24+00:00,2024-05-01T00:55:59+00:00,45.583,30
KTLX-20240501T011543-020059-573,training,2024-05-01T01:15:43+00:00,2024-05-01T02:00:59+00:00,45.267,30
KTLX-20240501T033654-042158-574,training,2024-05-01T03:36:54+00:00,2024-05-01T04:21:58+00:00,45.067,30
KTLX-20240501T052322-061025-575,training,2024-05-01T05:23:22+00:00,2024-05-01T06:10:25+00:00,47.05,30
KTLX-20240501T061517-070709-576,training,2024-05-01T06:15:17+00:00,2024-05-01T07:07:09+00:00,51.867,30
KTLX-20240501T073921-085052-577,training,2024-05-01T07:39:21+00:00,2024-05-01T08:50:52+00:00,71.517,30
KTLX-20240501T091011-102135-578,training,2024-05-01T09:10:11+00:00,2024-05-01T10:21:35+00:00,71.4,30
KTLX-20240501T102628-113713-579,training,2024-05-01T10:26:28+00:00,2024-05-01T11:37:13+00:00,70.75,30
KTLX-20240501T115003-130426-580,training,2024-05-01T11:50:03+00:00,2024-05-01T13:04:26+00:00,74.383,30
KTLX-20240501T135913-151555-581,training,2024-05-01T13:59:13+00:00,2024-05-01T15:15:55+00:00,76.7,30
KTLX-20240502T021339-031745-582,training,2024-05-02T02:13:39+00:00,2024-05-02T03:17:45+00:00,64.1,30
KTLX-20240502T035317-050701-583,training,2024-05-02T03:53:17+00:00,2024-05-02T05:07:01+00:00,73.733,30
KTLX-20240502T052802-064353-584,training,2024-05-02T05:28:02+00:00,2024-05-02T06:43:53+00:00,75.85,30
KTLX-20240502T064907-080640-585,training,2024-05-02T06:49:07+00:00,2024-05-02T08:06:40+00:00,77.55,30
KTLX-20240502T080911-092322-586,training,2024-05-02T08:09:11+00:00,2024-05-02T09:23:22+00:00,74.183,30
KTLX-20240502T102008-113346-587,training,2024-05-02T10:20:08+00:00,2024-05-02T11:33:46+00:00,73.633,30
KTLX-20240502T114938-125541-588,training,2024-05-02T11:49:38+00:00,2024-05-02T12:55:41+00:00,66.05,30
KTLX-20240502T204702-220022-589,training,2024-05-02T20:47:02+00:00,2024-05-02T22:00:22+00:00,73.333,30
KTLX-20240502T222633-231907-590,training,2024-05-02T22:26:33+00:00,2024-05-02T23:19:07+00:00,52.567,30
KTLX-20240503T001734-010425-591,training,2024-05-03T00:17:34+00:00,2024-05-03T01:04:25+00:00,46.85,30
KTLX-20240503T010755-015707-592,training,2024-05-03T01:07:55+00:00,2024-05-03T01:57:07+00:00,49.2,30
KTLX-20240503T021954-030903-593,training,2024-05-03T02:19:54+00:00,2024-05-03T03:09:03+00:00,49.15,30
KTLX-20240503T034136-045418-594,training,2024-05-03T03:41:36+00:00,2024-05-03T04:54:18+00:00,72.7,30
KTLX-20240503T053641-064921-595,training,2024-05-03T05:36:41+00:00,2024-05-03T06:49:21+00:00,72.667,30
KTLX-20240503T074442-085844-596,training,2024-05-03T07:44:42+00:00,2024-05-03T08:58:44+00:00,74.033,30
KTLX-20240503T112512-122614-597,training,2024-05-03T11:25:12+00:00,2024-05-03T12:26:14+00:00,61.033,30
KTLX-20240504T031507-043057-598,training,2024-05-04T03:15:07+00:00,2024-05-04T04:30:57+00:00,75.833,30
KTLX-20240504T071429-081933-599,training,2024-05-04T07:14:29+00:00,2024-05-04T08:19:33+00:00,65.067,30
KTLX-20240504T142708-153200-600,training,2024-05-04T14:27:08+00:00,2024-05-04T15:32:00+00:00,64.867,30
KTLX-20240504T154924-165904-601,training,2024-05-04T15:49:24+00:00,2024-05-04T16:59:04+00:00,69.667,30
KTLX-20240504T172148-183731-602,training,2024-05-04T17:21:48+00:00,2024-05-04T18:37:31+00:00,75.717,30
KTLX-20240504T205113-215502-603,training,2024-05-04T20:51:13+00:00,2024-05-04T21:55:02+00:00,63.817,30
KTLX-20240505T004405-014613-604,training,2024-05-05T00:44:05+00:00,2024-05-05T01:46:13+00:00,62.133,30
KTLX-20240505T015720-030125-605,training,2024-05-05T01:57:20+00:00,2024-05-05T03:01:25+00:00,64.083,30
KTLX-20240505T030554-040629-606,training,2024-05-05T03:05:54+00:00,2024-05-05T04:06:29+00:00,60.583,30
KTLX-20240505T062836-073937-607,training,2024-05-05T06:28:36+00:00,2024-05-05T07:39:37+00:00,71.017,30
KTLX-20240505T084057-095604-608,training,2024-05-05T08:40:57+00:00,2024-05-05T09:56:04+00:00,75.117,30
KTLX-20240505T115032-130817-609,training,2024-05-05T11:50:32+00:00,2024-05-05T13:08:17+00:00,77.75,30
KTLX-20240505T144629-160030-610,training,2024-05-05T14:46:29+00:00,2024-05-05T16:00:30+00:00,74.017,30
KTLX-20240505T162917-173145-611,training,2024-05-05T16:29:17+00:00,2024-05-05T17:31:45+00:00,62.467,30
KTLX-20240505T182449-192542-612,training,2024-05-05T18:24:49+00:00,2024-05-05T19:25:42+00:00,60.883,30
KTLX-20240506T195724-212039-613,training,2024-05-06T19:57:24+00:00,2024-05-06T21:20:39+00:00,83.25,30
KTLX-20240507T001851-010528-614,training,2024-05-07T00:18:51+00:00,2024-05-07T01:05:28+00:00,46.617,30
KTLX-20240507T014751-023620-615,training,2024-05-07T01:47:51+00:00,2024-05-07T02:36:20+00:00,48.483,30
KTLX-20240507T031047-035706-616,training,2024-05-07T03:10:47+00:00,2024-05-07T03:57:06+00:00,46.317,30
KTLX-20240507T043427-052045-617,training,2024-05-07T04:34:27+00:00,2024-05-07T05:20:45+00:00,46.3,30
KTLX-20240507T052228-061211-618,training,2024-05-07T05:22:28+00:00,2024-05-07T06:12:11+00:00,49.717,30
KTLX-20240507T063544-073849-619,training,2024-05-07T06:35:44+00:00,2024-05-07T07:38:49+00:00,63.083,30
KTLX-20240507T083415-093229-620,training,2024-05-07T08:34:15+00:00,2024-05-07T09:32:29+00:00,58.233,30
KTLX-20240507T102036-111841-621,training,2024-05-07T10:20:36+00:00,2024-05-07T11:18:41+00:00,58.083,30
KTLX-20240507T114647-124506-622,training,2024-05-07T11:46:47+00:00,2024-05-07T12:45:06+00:00,58.317,30
KTLX-20240507T133636-143502-623,training,2024-05-07T13:36:36+00:00,2024-05-07T14:35:02+00:00,58.433,30
KTLX-20240507T143902-155740-624,training,2024-05-07T14:39:02+00:00,2024-05-07T15:57:40+00:00,78.633,30
KTLX-20240509T185338-200643-625,training,2024-05-09T18:53:38+00:00,2024-05-09T20:06:43+00:00,73.083,30
KTLX-20240509T203118-213235-626,training,2024-05-09T20:31:18+00:00,2024-05-09T21:32:35+00:00,61.283,30
KTLX-20240509T221448-231238-627,training,2024-05-09T22:14:48+00:00,2024-05-09T23:12:38+00:00,57.833,30
KTLX-20240510T001421-011159-628,training,2024-05-10T00:14:21+00:00,2024-05-10T01:11:59+00:00,57.633,30
KTLX-20240510T022804-033814-629,training,2024-05-10T02:28:04+00:00,2024-05-10T03:38:14+00:00,70.167,30
KTLX-20240512T141002-153020-630,training,2024-05-12T14:10:02+00:00,2024-05-12T15:30:20+00:00,80.3,30
KTLX-20240513T085302-094944-631,training,2024-05-13T08:53:02+00:00,2024-05-13T09:49:44+00:00,56.7,30
KTLX-20240513T102501-111021-632,training,2024-05-13T10:25:01+00:00,2024-05-13T11:10:21+00:00,45.333,30
KTLX-20240513T170353-183242-633,training,2024-05-13T17:03:53+00:00,2024-05-13T18:32:42+00:00,88.817,30
KTLX-20240513T183905-194302-634,training,2024-05-13T18:39:05+00:00,2024-05-13T19:43:02+00:00,63.95,30
KTLX-20240513T214423-224628-635,training,2024-05-13T21:44:23+00:00,2024-05-13T22:46:28+00:00,62.083,30
KTLX-20240513T225252-234906-636,training,2024-05-13T22:52:52+00:00,2024-05-13T23:49:06+00:00,56.233,30
KTLX-20240514T011913-023157-637,training,2024-05-14T01:19:13+00:00,2024-05-14T02:31:57+00:00,72.733,30
KTLX-20240516T062211-072148-638,training,2024-05-16T06:22:11+00:00,2024-05-16T07:21:48+00:00,59.617,30
KTLX-20240516T075326-084230-639,training,2024-05-16T07:53:26+00:00,2024-05-16T08:42:30+00:00,49.067,30
KTLX-20240516T084405-093025-640,training,2024-05-16T08:44:05+00:00,2024-05-16T09:30:25+00:00,46.333,30
KTLX-20240516T093139-101858-641,training,2024-05-16T09:31:39+00:00,2024-05-16T10:18:58+00:00,47.317,30
KTLX-20240516T102606-111543-642,training,2024-05-16T10:26:06+00:00,2024-05-16T11:15:43+00:00,49.617,30
KTLX-20240516T114101-123118-643,training,2024-05-16T11:41:01+00:00,2024-05-16T12:31:18+00:00,50.283,30
KTLX-20240520T011012-020731-644,training,2024-05-20T01:10:12+00:00,2024-05-20T02:07:31+00:00,57.317,30
KTLX-20240520T024328-033136-645,training,2024-05-20T02:43:28+00:00,2024-05-20T03:31:36+00:00,48.133,30
KTLX-20240520T035908-044630-646,training,2024-05-20T03:59:08+00:00,2024-05-20T04:46:30+00:00,47.367,30
KTLX-20240520T051051-060028-647,training,2024-05-20T05:10:51+00:00,2024-05-20T06:00:28+00:00,49.617,30
KTLX-20240520T071921-080732-648,training,2024-05-20T07:19:21+00:00,2024-05-20T08:07:32+00:00,48.183,30
KTLX-20240520T091945-100708-649,training,2024-05-20T09:19:45+00:00,2024-05-20T10:07:08+00:00,47.383,30
KTLX-20240520T101444-111025-650,training,2024-05-20T10:14:44+00:00,2024-05-20T11:10:25+00:00,55.683,30
KTLX-20240520T113109-124122-651,training,2024-05-20T11:31:09+00:00,2024-05-20T12:41:22+00:00,70.217,30
KTLX-20240522T115724-131408-652,training,2024-05-22T11:57:24+00:00,2024-05-22T13:14:08+00:00,76.733,30
KTLX-20240522T135656-145720-653,training,2024-05-22T13:56:56+00:00,2024-05-22T14:57:20+00:00,60.4,30
KTLX-20240522T162231-171517-654,training,2024-05-22T16:22:31+00:00,2024-05-22T17:15:17+00:00,52.767,30
KTLX-20240522T174206-184135-655,training,2024-05-22T17:42:06+00:00,2024-05-22T18:41:35+00:00,59.483,30
KTLX-20240522T184343-194257-656,training,2024-05-22T18:43:43+00:00,2024-05-22T19:42:57+00:00,59.233,30
KTLX-20240522T194706-204759-657,training,2024-05-22T19:47:06+00:00,2024-05-22T20:47:59+00:00,60.883,30
KTLX-20240522T205617-220458-658,training,2024-05-22T20:56:17+00:00,2024-05-22T22:04:58+00:00,68.683,30
KTLX-20240522T223348-234449-659,training,2024-05-22T22:33:48+00:00,2024-05-22T23:44:49+00:00,71.017,30
KTLX-20240523T004809-014937-660,training,2024-05-23T00:48:09+00:00,2024-05-23T01:49:37+00:00,61.467,30
KTLX-20240523T021850-034646-661,training,2024-05-23T02:18:50+00:00,2024-05-23T03:46:46+00:00,87.933,30
KTLX-20240523T035005-044605-662,training,2024-05-23T03:50:05+00:00,2024-05-23T04:46:05+00:00,56.0,30
KTLX-20240523T044954-055206-663,training,2024-05-23T04:49:54+00:00,2024-05-23T05:52:06+00:00,62.2,30
KTLX-20240523T055427-070558-664,training,2024-05-23T05:54:27+00:00,2024-05-23T07:05:58+00:00,71.517,30
KTLX-20240523T073236-084506-665,training,2024-05-23T07:32:36+00:00,2024-05-23T08:45:06+00:00,72.5,30
KTLX-20240523T100903-110845-666,training,2024-05-23T10:09:03+00:00,2024-05-23T11:08:45+00:00,59.7,30
KTLX-20240523T113850-123952-667,training,2024-05-23T11:38:50+00:00,2024-05-23T12:39:52+00:00,61.033,30
KTLX-20240525T004336-015032-668,training,2024-05-25T00:43:36+00:00,2024-05-25T01:50:32+00:00,66.933,30
KTLX-20240525T211432-223412-669,training,2024-05-25T21:14:32+00:00,2024-05-25T22:34:12+00:00,79.667,30
KTLX-20240525T224635-234424-670,training,2024-05-25T22:46:35+00:00,2024-05-25T23:44:24+00:00,57.817,30
KTLX-20240526T020546-025617-671,training,2024-05-26T02:05:46+00:00,2024-05-26T02:56:17+00:00,50.517,30
KTLX-20240526T030814-035630-672,training,2024-05-26T03:08:14+00:00,2024-05-26T03:56:30+00:00,48.267,30
KTLX-20240526T040406-044923-673,training,2024-05-26T04:04:06+00:00,2024-05-26T04:49:23+00:00,45.283,30
KTLX-20240526T050317-055051-674,training,2024-05-26T05:03:17+00:00,2024-05-26T05:50:51+00:00,47.567,30
KTLX-20240526T055847-064702-675,training,2024-05-26T05:58:47+00:00,2024-05-26T06:47:02+00:00,48.25,30
KTLX-20240526T070010-074807-676,training,2024-05-26T07:00:10+00:00,2024-05-26T07:48:07+00:00,47.95,30
KTLX-20240526T115200-125228-677,training,2024-05-26T11:52:00+00:00,2024-05-26T12:52:28+00:00,60.467,30
KTLX-20240526T132442-142712-678,training,2024-05-26T13:24:42+00:00,2024-05-26T14:27:12+00:00,62.5,30
KTLX-20240527T104042-120851-679,training,2024-05-27T10:40:42+00:00,2024-05-27T12:08:51+00:00,88.15,30
KTLX-20240530T121228-134221-680,training,2024-05-30T12:12:28+00:00,2024-05-30T13:42:21+00:00,89.883,30
KTLX-20240530T135530-151146-681,training,2024-05-30T13:55:30+00:00,2024-05-30T15:11:46+00:00,76.267,30
KTLX-20240530T151704-163207-682,training,2024-05-30T15:17:04+00:00,2024-05-30T16:32:07+00:00,75.05,30
KTLX-20240530T172148-182803-683,training,2024-05-30T17:21:48+00:00,2024-05-30T18:28:03+00:00,66.25,30
KTLX-20240530T185533-195817-684,training,2024-05-30T18:55:33+00:00,2024-05-30T19:58:17+00:00,62.733,30
KTLX-20240530T222731-232940-685,training,2024-05-30T22:27:31+00:00,2024-05-30T23:29:40+00:00,62.15,30
KTLX-20240531T022715-032656-686,training,2024-05-31T02:27:15+00:00,2024-05-31T03:26:56+00:00,59.683,30
KTLX-20240531T054028-065157-687,training,2024-05-31T05:40:28+00:00,2024-05-31T06:51:57+00:00,71.483,30
KTLX-20240602T164137-174503-688,training,2024-06-02T16:41:37+00:00,2024-06-02T17:45:03+00:00,63.433,30
KTLX-20240602T174659-183358-689,training,2024-06-02T17:46:59+00:00,2024-06-02T18:33:58+00:00,46.983,30
KTLX-20240602T190921-195643-690,training,2024-06-02T19:09:21+00:00,2024-06-02T19:56:43+00:00,47.367,30
KTLX-20240602T195841-204537-691,training,2024-06-02T19:58:41+00:00,2024-06-02T20:45:37+00:00,46.933,30
KTLX-20240602T211337-221431-692,training,2024-06-02T21:13:37+00:00,2024-06-02T22:14:31+00:00,60.9,30
KTLX-20240602T221943-233420-693,training,2024-06-02T22:19:43+00:00,2024-06-02T23:34:20+00:00,74.617,30
KTLX-20240603T010051-020323-694,training,2024-06-03T01:00:51+00:00,2024-06-03T02:03:23+00:00,62.533,30
KTLX-20240603T032327-044033-695,training,2024-06-03T03:23:27+00:00,2024-06-03T04:40:33+00:00,77.1,30
KTLX-20240604T113942-124322-696,training,2024-06-04T11:39:42+00:00,2024-06-04T12:43:22+00:00,63.667,30
KTLX-20240604T131119-141409-697,training,2024-06-04T13:11:19+00:00,2024-06-04T14:14:09+00:00,62.833,30
KTLX-20240605T025322-041157-698,training,2024-06-05T02:53:22+00:00,2024-06-05T04:11:57+00:00,78.583,30
KTLX-20240605T042418-053136-699,training,2024-06-05T04:24:18+00:00,2024-06-05T05:31:36+00:00,67.3,30
KTLX-20240605T060707-070306-700,training,2024-06-05T06:07:07+00:00,2024-06-05T07:03:06+00:00,55.983,30
KTLX-20240605T071705-081431-701,training,2024-06-05T07:17:05+00:00,2024-06-05T08:14:31+00:00,57.433,30
KTLX-20240605T081811-091322-702,training,2024-06-05T08:18:11+00:00,2024-06-05T09:13:22+00:00,55.183,30
KTLX-20240605T112402-121218-703,training,2024-06-05T11:24:02+00:00,2024-06-05T12:12:18+00:00,48.267,30
KTLX-20240606T194101-210028-704,training,2024-06-06T19:41:01+00:00,2024-06-06T21:00:28+00:00,79.45,30
KTLX-20240606T213122-223212-705,training,2024-06-06T21:31:22+00:00,2024-06-06T22:32:12+00:00,60.833,30
KTLX-20240607T001319-011139-706,training,2024-06-07T00:13:19+00:00,2024-06-07T01:11:39+00:00,58.333,30
KTLX-20240607T015308-025712-707,training,2024-06-07T01:53:08+00:00,2024-06-07T02:57:12+00:00,64.067,30
KTLX-20240607T030421-041310-708,training,2024-06-07T03:04:21+00:00,2024-06-07T04:13:10+00:00,68.817,30
KTLX-20240607T052831-063054-709,training,2024-06-07T05:28:31+00:00,2024-06-07T06:30:54+00:00,62.383,30
KTLX-20240607T084606-094825-710,training,2024-06-07T08:46:06+00:00,2024-06-07T09:48:25+00:00,62.317,30
KTLX-20240607T115354-130341-711,training,2024-06-07T11:53:54+00:00,2024-06-07T13:03:41+00:00,69.783,30
KTLX-20240607T132944-145435-712,training,2024-06-07T13:29:44+00:00,2024-06-07T14:54:35+00:00,84.85,30
KTLX-20240626T033828-043229-713,training,2024-06-26T03:38:28+00:00,2024-06-26T04:32:29+00:00,54.017,30
KTLX-20240626T052052-061429-714,training,2024-06-26T05:20:52+00:00,2024-06-26T06:14:29+00:00,53.617,30
KTLX-20240626T132624-142519-715,training,2024-06-26T13:26:24+00:00,2024-06-26T14:25:19+00:00,58.917,30
KTLX-20240626T160054-165641-716,training,2024-06-26T16:00:54+00:00,2024-06-26T16:56:41+00:00,55.783,30
KTLX-20240626T172905-183129-717,training,2024-06-26T17:29:05+00:00,2024-06-26T18:31:29+00:00,62.4,30
KTLX-20240627T002211-010816-718,training,2024-06-27T00:22:11+00:00,2024-06-27T01:08:16+00:00,46.083,30
KTLX-20240627T014459-023326-719,training,2024-06-27T01:44:59+00:00,2024-06-27T02:33:26+00:00,48.45,30
KTLX-20240627T030635-035157-720,training,2024-06-27T03:06:35+00:00,2024-06-27T03:51:57+00:00,45.367,30
KTLX-20240703T202547-215156-721,training,2024-07-03T20:25:47+00:00,2024-07-03T21:51:56+00:00,86.15,30
KTLX-20240703T221633-230348-722,training,2024-07-03T22:16:33+00:00,2024-07-03T23:03:48+00:00,47.25,30
KTLX-20240703T230713-235329-723,training,2024-07-03T23:07:13+00:00,2024-07-03T23:53:29+00:00,46.267,30
KTLX-20240704T004527-013359-724,training,2024-07-04T00:45:27+00:00,2024-07-04T01:33:59+00:00,48.533,30
KTLX-20240704T190615-202431-725,training,2024-07-04T19:06:15+00:00,2024-07-04T20:24:31+00:00,78.267,30
KTLX-20240704T204710-214131-726,training,2024-07-04T20:47:10+00:00,2024-07-04T21:41:31+00:00,54.35,30
KTLX-20240704T215035-224732-727,training,2024-07-04T21:50:35+00:00,2024-07-04T22:47:32+00:00,56.95,30
KTLX-20240705T001029-010855-728,training,2024-07-05T00:10:29+00:00,2024-07-05T01:08:55+00:00,58.433,30
KTLX-20240705T022425-032013-729,training,2024-07-05T02:24:25+00:00,2024-07-05T03:20:13+00:00,55.8,30
KTLX-20240705T040857-050538-730,training,2024-07-05T04:08:57+00:00,2024-07-05T05:05:38+00:00,56.683,30
KTLX-20240705T065828-075338-731,training,2024-07-05T06:58:28+00:00,2024-07-05T07:53:38+00:00,55.167,30
KTLX-20240705T083419-092406-732,training,2024-07-05T08:34:19+00:00,2024-07-05T09:24:06+00:00,49.783,30
KTLX-20240705T092604-102220-733,training,2024-07-05T09:26:04+00:00,2024-07-05T10:22:20+00:00,56.267,30
KTLX-20240705T124142-133915-734,training,2024-07-05T12:41:42+00:00,2024-07-05T13:39:15+00:00,57.55,30
KTLX-20240705T152739-162707-735,training,2024-07-05T15:27:39+00:00,2024-07-05T16:27:07+00:00,59.467,30
KTLX-20240705T181808-191722-736,training,2024-07-05T18:18:08+00:00,2024-07-05T19:17:22+00:00,59.233,30
KTLX-20240707T133427-144910-737,training,2024-07-07T13:34:27+00:00,2024-07-07T14:49:10+00:00,74.717,30
KTLX-20240707T161927-170452-738,training,2024-07-07T16:19:27+00:00,2024-07-07T17:04:52+00:00,45.417,30
KTLX-20240707T185802-194352-739,training,2024-07-07T18:58:02+00:00,2024-07-07T19:43:52+00:00,45.833,30
KTLX-20240707T195325-204359-740,training,2024-07-07T19:53:25+00:00,2024-07-07T20:43:59+00:00,50.567,30
KTLX-20240707T230114-234656-741,training,2024-07-07T23:01:14+00:00,2024-07-07T23:46:56+00:00,45.7,30
KTLX-20240708T003643-012300-742,training,2024-07-08T00:36:43+00:00,2024-07-08T01:23:00+00:00,46.283,30
KTLX-20240708T022408-031234-743,training,2024-07-08T02:24:08+00:00,2024-07-08T03:12:34+00:00,48.433,30
KTLX-20240708T032803-041739-744,training,2024-07-08T03:28:03+00:00,2024-07-08T04:17:39+00:00,49.6,30
KTLX-20240708T054523-063337-745,training,2024-07-08T05:45:23+00:00,2024-07-08T06:33:37+00:00,48.233,30
KTLX-20240708T071611-080111-746,training,2024-07-08T07:16:11+00:00,2024-07-08T08:01:11+00:00,45.0,30
KTLX-20240708T081656-090634-747,training,2024-07-08T08:16:56+00:00,2024-07-08T09:06:34+00:00,49.633,30
KTLX-20240708T094348-103117-748,training,2024-07-08T09:43:48+00:00,2024-07-08T10:31:17+00:00,47.483,30
KTLX-20240708T114804-123430-749,training,2024-07-08T11:48:04+00:00,2024-07-08T12:34:30+00:00,46.433,30
KTLX-20240708T125110-133703-750,training,2024-07-08T12:51:10+00:00,2024-07-08T13:37:03+00:00,45.883,30
KTLX-20240709T033247-043404-751,training,2024-07-09T03:32:47+00:00,2024-07-09T04:34:04+00:00,61.283,30
KTLX-20240709T044836-054713-752,training,2024-07-09T04:48:36+00:00,2024-07-09T05:47:13+00:00,58.617,30
KTLX-20240709T055123-065208-753,training,2024-07-09T05:51:23+00:00,2024-07-09T06:52:08+00:00,60.75,30
KTLX-20240709T073531-083618-754,training,2024-07-09T07:35:31+00:00,2024-07-09T08:36:18+00:00,60.783,30
KTLX-20240709T083825-100551-755,training,2024-07-09T08:38:25+00:00,2024-07-09T10:05:51+00:00,87.433,30
KTLX-20240721T090456-102223-756,training,2024-07-21T09:04:56+00:00,2024-07-21T10:22:23+00:00,77.45,30
KTLX-20240721T103753-115345-757,training,2024-07-21T10:37:53+00:00,2024-07-21T11:53:45+00:00,75.867,30
KTLX-20240721T142411-152408-758,training,2024-07-21T14:24:11+00:00,2024-07-21T15:24:08+00:00,59.95,30
KTLX-20240721T153331-162932-759,training,2024-07-21T15:33:31+00:00,2024-07-21T16:29:32+00:00,56.017,30
KTLX-20240721T163709-173706-760,training,2024-07-21T16:37:09+00:00,2024-07-21T17:37:06+00:00,59.95,30
KTLX-20240721T175836-185942-761,training,2024-07-21T17:58:36+00:00,2024-07-21T18:59:42+00:00,61.1,30
KTLX-20240721T204635-214602-762,training,2024-07-21T20:46:35+00:00,2024-07-21T21:46:02+00:00,59.45,30
KTLX-20240721T221432-231517-763,training,2024-07-21T22:14:32+00:00,2024-07-21T23:15:17+00:00,60.75,30
KTLX-20240722T010749-021051-764,training,2024-07-22T01:07:49+00:00,2024-07-22T02:10:51+00:00,63.033,30
KTLX-20240722T023255-033208-765,training,2024-07-22T02:32:55+00:00,2024-07-22T03:32:08+00:00,59.217,30
KTLX-20240722T041233-051441-766,training,2024-07-22T04:12:33+00:00,2024-07-22T05:14:41+00:00,62.133,30
KTLX-20240722T051900-061829-767,training,2024-07-22T05:19:00+00:00,2024-07-22T06:18:29+00:00,59.483,30
KTLX-20240722T064129-075137-768,training,2024-07-22T06:41:29+00:00,2024-07-22T07:51:37+00:00,70.133,30
KTLX-20240816T025118-040757-769,training,2024-08-16T02:51:18+00:00,2024-08-16T04:07:57+00:00,76.65,30
KTLX-20240816T043604-054657-770,training,2024-08-16T04:36:04+00:00,2024-08-16T05:46:57+00:00,70.883,30
KTLX-20240816T062846-073835-771,training,2024-08-16T06:28:46+00:00,2024-08-16T07:38:35+00:00,69.817,30
KTLX-20240816T074041-084337-772,training,2024-08-16T07:40:41+00:00,2024-08-16T08:43:37+00:00,62.933,30
KTLX-20240816T111135-121344-773,training,2024-08-16T11:11:35+00:00,2024-08-16T12:13:44+00:00,62.15,30
KTLX-20240816T203613-214101-774,training,2024-08-16T20:36:13+00:00,2024-08-16T21:41:01+00:00,64.8,30
KTLX-20240816T225630-235625-775,training,2024-08-16T22:56:30+00:00,2024-08-16T23:56:25+00:00,59.917,30
KTLX-20240817T014819-025212-776,training,2024-08-17T01:48:19+00:00,2024-08-17T02:52:12+00:00,63.883,30
KTLX-20240817T031124-041643-777,training,2024-08-17T03:11:24+00:00,2024-08-17T04:16:43+00:00,65.317,30
KTLX-20240817T043638-054422-778,training,2024-08-17T04:36:38+00:00,2024-08-17T05:44:22+00:00,67.733,30
KTLX-20240817T081139-092003-779,training,2024-08-17T08:11:39+00:00,2024-08-17T09:20:03+00:00,68.4,30
KTLX-20240817T092411-102343-780,training,2024-08-17T09:24:11+00:00,2024-08-17T10:23:43+00:00,59.533,30
KTLX-20240817T110156-121555-781,training,2024-08-17T11:01:56+00:00,2024-08-17T12:15:55+00:00,73.983,30
KTLX-20240817T130426-141840-782,training,2024-08-17T13:04:26+00:00,2024-08-17T14:18:40+00:00,74.233,30
KTLX-20240817T173454-184436-783,training,2024-08-17T17:34:54+00:00,2024-08-17T18:44:36+00:00,69.7,30
KTLX-20240817T204126-220525-784,training,2024-08-17T20:41:26+00:00,2024-08-17T22:05:25+00:00,83.983,30
KTLX-20240918T210427-221615-785,training,2024-09-18T21:04:27+00:00,2024-09-18T22:16:15+00:00,71.8,30
KTLX-20240918T222033-232134-786,training,2024-09-18T22:20:33+00:00,2024-09-18T23:21:34+00:00,61.017,30
KTLX-20240919T003732-020700-787,training,2024-09-19T00:37:32+00:00,2024-09-19T02:07:00+00:00,89.467,30
KTLX-20240919T202837-213001-788,training,2024-09-19T20:28:37+00:00,2024-09-19T21:30:01+00:00,61.4,30
KTLX-20240919T213437-224639-789,training,2024-09-19T21:34:37+00:00,2024-09-19T22:46:39+00:00,72.033,30
KTLX-20240920T002933-013833-790,training,2024-09-20T00:29:33+00:00,2024-09-20T01:38:33+00:00,69.0,30
KTLX-20240920T023103-033300-791,training,2024-09-20T02:31:03+00:00,2024-09-20T03:33:00+00:00,61.95,30
KTLX-20240923T061922-073145-792,training,2024-09-23T06:19:22+00:00,2024-09-23T07:31:45+00:00,72.383,30
KTLX-20240924T224555-235858-793,training,2024-09-24T22:45:55+00:00,2024-09-24T23:58:58+00:00,73.05,30
KTLX-20240925T000623-012058-794,training,2024-09-25T00:06:23+00:00,2024-09-25T01:20:58+00:00,74.583,30
KTLX-20240925T022434-035102-795,training,2024-09-25T02:24:34+00:00,2024-09-25T03:51:02+00:00,86.467,30
KTLX-20241030T195448-211650-796,training,2024-10-30T19:54:48+00:00,2024-10-30T21:16:50+00:00,82.033,30
KTLX-20241030T225014-235914-797,training,2024-10-30T22:50:14+00:00,2024-10-30T23:59:14+00:00,69.0,30
KTLX-20241031T010337-021525-798,training,2024-10-31T01:03:37+00:00,2024-10-31T02:15:25+00:00,71.8,30
KTLX-20241031T022829-031623-799,training,2024-10-31T02:28:29+00:00,2024-10-31T03:16:23+00:00,47.9,30
KTLX-20241031T033929-042736-800,training,2024-10-31T03:39:29+00:00,2024-10-31T04:27:36+00:00,48.117,30
KTLX-20241102T124808-141438-801,validation,2024-11-02T12:48:08+00:00,2024-11-02T14:14:38+00:00,86.5,30
KTLX-20241102T152702-162606-802,validation,2024-11-02T15:27:02+00:00,2024-11-02T16:26:06+00:00,59.067,30
KTLX-20241102T164023-173916-803,validation,2024-11-02T16:40:23+00:00,2024-11-02T17:39:16+00:00,58.883,30
KTLX-20241102T180409-190351-804,validation,2024-11-02T18:04:09+00:00,2024-11-02T19:03:51+00:00,59.7,30
KTLX-20241102T194909-205746-805,validation,2024-11-02T19:49:09+00:00,2024-11-02T20:57:46+00:00,68.617,30
KTLX-20241102T220155-230033-806,validation,2024-11-02T22:01:55+00:00,2024-11-02T23:00:33+00:00,58.633,30
KTLX-20241103T022248-033657-807,validation,2024-11-03T02:22:48+00:00,2024-11-03T03:36:57+00:00,74.15,30
KTLX-20241103T045057-054837-808,validation,2024-11-03T04:50:57+00:00,2024-11-03T05:48:37+00:00,57.667,30
KTLX-20241103T070047-075824-809,validation,2024-11-03T07:00:47+00:00,2024-11-03T07:58:24+00:00,57.617,30
KTLX-20241103T154842-164439-810,validation,2024-11-03T15:48:42+00:00,2024-11-03T16:44:39+00:00,55.95,30
KTLX-20241103T205612-214407-811,validation,2024-11-03T20:56:12+00:00,2024-11-03T21:44:07+00:00,47.917,30
KTLX-20241103T220057-225019-812,validation,2024-11-03T22:00:57+00:00,2024-11-03T22:50:19+00:00,49.367,30
KTLX-20241104T003206-012034-813,validation,2024-11-04T00:32:06+00:00,2024-11-04T01:20:34+00:00,48.467,30
KTLX-20241104T015321-024159-814,validation,2024-11-04T01:53:21+00:00,2024-11-04T02:41:59+00:00,48.633,30
KTLX-20241104T064707-073545-815,validation,2024-11-04T06:47:07+00:00,2024-11-04T07:35:45+00:00,48.633,30
KTLX-20241104T154837-163501-816,validation,2024-11-04T15:48:37+00:00,2024-11-04T16:35:01+00:00,46.4,30
KTLX-20241104T165338-174327-817,validation,2024-11-04T16:53:38+00:00,2024-11-04T17:43:27+00:00,49.817,30
KTLX-20241118T082255-092007-818,validation,2024-11-18T08:22:55+00:00,2024-11-18T09:20:07+00:00,57.2,30
KTLX-20241118T112800-122147-819,validation,2024-11-18T11:28:00+00:00,2024-11-18T12:21:47+00:00,53.783,30
KTLX-20241118T142801-151712-820,validation,2024-11-18T14:28:01+00:00,2024-11-18T15:17:12+00:00,49.183,30
KTLX-20241118T163201-172146-821,validation,2024-11-18T16:32:01+00:00,2024-11-18T17:21:46+00:00,49.75,30
KTLX-20241118T182224-190957-822,validation,2024-11-18T18:22:24+00:00,2024-11-18T19:09:57+00:00,47.55,30
KTLX-20241118T204835-220040-823,validation,2024-11-18T20:48:35+00:00,2024-11-18T22:00:40+00:00,72.083,30
KTLX-20250304T051613-060220-824,validation,2025-03-04T05:16:13+00:00,2025-03-04T06:02:20+00:00,46.117,30
KTLX-20250304T060846-065525-825,validation,2025-03-04T06:08:46+00:00,2025-03-04T06:55:25+00:00,46.65,30
KTLX-20250304T070344-075035-826,validation,2025-03-04T07:03:44+00:00,2025-03-04T07:50:35+00:00,46.85,30
KTLX-20250304T082317-091243-827,validation,2025-03-04T08:23:17+00:00,2025-03-04T09:12:43+00:00,49.433,30
KTLX-20250304T094411-103942-828,validation,2025-03-04T09:44:11+00:00,2025-03-04T10:39:42+00:00,55.517,30
KTLX-20250304T105131-113842-829,validation,2025-03-04T10:51:31+00:00,2025-03-04T11:38:42+00:00,47.183,30
KTLX-20250304T151932-161847-830,validation,2025-03-04T15:19:32+00:00,2025-03-04T16:18:47+00:00,59.25,30
KTLX-20250308T132620-141147-831,validation,2025-03-08T13:26:20+00:00,2025-03-08T14:11:47+00:00,45.45,30
KTLX-20250308T162429-171240-832,validation,2025-03-08T16:24:29+00:00,2025-03-08T17:12:40+00:00,48.183,30
KTLX-20250308T172103-181048-833,validation,2025-03-08T17:21:03+00:00,2025-03-08T18:10:48+00:00,49.75,30
KTLX-20250308T190938-195726-834,validation,2025-03-08T19:09:38+00:00,2025-03-08T19:57:26+00:00,47.8,30
KTLX-20250308T200235-205043-835,validation,2025-03-08T20:02:35+00:00,2025-03-08T20:50:43+00:00,48.133,30
KTLX-20250308T211955-220937-836,validation,2025-03-08T21:19:55+00:00,2025-03-08T22:09:37+00:00,49.7,30
KTLX-20250308T223500-232430-837,validation,2025-03-08T22:35:00+00:00,2025-03-08T23:24:30+00:00,49.5,30
KTLX-20250309T001041-010018-838,validation,2025-03-09T00:10:41+00:00,2025-03-09T01:00:18+00:00,49.617,30
KTLX-20250309T011238-020242-839,validation,2025-03-09T01:12:38+00:00,2025-03-09T02:02:42+00:00,50.067,30
KTLX-20250309T020935-025851-840,validation,2025-03-09T02:09:35+00:00,2025-03-09T02:58:51+00:00,49.267,30
KTLX-20250309T030204-035032-841,validation,2025-03-09T03:02:04+00:00,2025-03-09T03:50:32+00:00,48.467,30
KTLX-20250309T043149-052207-842,validation,2025-03-09T04:31:49+00:00,2025-03-09T05:22:07+00:00,50.3,30
KTLX-20250309T074323-083304-843,validation,2025-03-09T07:43:23+00:00,2025-03-09T08:33:04+00:00,49.683,30
KTLX-20250309T092323-101312-844,validation,2025-03-09T09:23:23+00:00,2025-03-09T10:13:12+00:00,49.817,30
KTLX-20250309T101456-110109-845,validation,2025-03-09T10:14:56+00:00,2025-03-09T11:01:09+00:00,46.217,30
KTLX-20250328T112233-123538-846,validation,2025-03-28T11:22:33+00:00,2025-03-28T12:35:38+00:00,73.083,30
KTLX-20250330T001347-012503-847,validation,2025-03-30T00:13:47+00:00,2025-03-30T01:25:03+00:00,71.267,30
KTLX-20250330T025057-040210-848,validation,2025-03-30T02:50:57+00:00,2025-03-30T04:02:10+00:00,71.217,30
KTLX-20250330T045202-053817-849,validation,2025-03-30T04:52:02+00:00,2025-03-30T05:38:17+00:00,46.25,30
KTLX-20250330T062355-072506-850,validation,2025-03-30T06:23:55+00:00,2025-03-30T07:25:06+00:00,61.183,30
KTLX-20250330T081356-091600-851,validation,2025-03-30T08:13:56+00:00,2025-03-30T09:16:00+00:00,62.067,30
KTLX-20250401T212545-225517-852,validation,2025-04-01T21:25:45+00:00,2025-04-01T22:55:17+00:00,89.533,30
KTLX-20250402T000900-011658-853,validation,2025-04-02T00:09:00+00:00,2025-04-02T01:16:58+00:00,67.967,30
KTLX-20250402T012352-023129-854,validation,2025-04-02T01:23:52+00:00,2025-04-02T02:31:29+00:00,67.617,30
KTLX-20250402T024859-035143-855,validation,2025-04-02T02:48:59+00:00,2025-04-02T03:51:43+00:00,62.733,30
KTLX-20250402T041116-051354-856,validation,2025-04-02T04:11:16+00:00,2025-04-02T05:13:54+00:00,62.633,30
KTLX-20250402T075533-090305-857,validation,2025-04-02T07:55:33+00:00,2025-04-02T09:03:05+00:00,67.533,30
KTLX-20250402T100809-112547-858,validation,2025-04-02T10:08:09+00:00,2025-04-02T11:25:47+00:00,77.633,30
KTLX-20250402T113052-122308-859,validation,2025-04-02T11:30:52+00:00,2025-04-02T12:23:08+00:00,52.267,30
KTLX-20250402T143852-153711-860,validation,2025-04-02T14:38:52+00:00,2025-04-02T15:37:11+00:00,58.317,30
KTLX-20250403T045740-062525-861,validation,2025-04-03T04:57:40+00:00,2025-04-03T06:25:25+00:00,87.75,30
KTLX-20250403T062729-072836-862,validation,2025-04-03T06:27:29+00:00,2025-04-03T07:28:36+00:00,61.117,30
KTLX-20250403T073657-084721-863,validation,2025-04-03T07:36:57+00:00,2025-04-03T08:47:21+00:00,70.4,30
KTLX-20250403T085814-101230-864,validation,2025-04-03T08:58:14+00:00,2025-04-03T10:12:30+00:00,74.267,30
KTLX-20250403T111052-123909-865,validation,2025-04-03T11:10:52+00:00,2025-04-03T12:39:09+00:00,88.283,30
KTLX-20250403T174445-185103-866,validation,2025-04-03T17:44:45+00:00,2025-04-03T18:51:03+00:00,66.3,30
KTLX-20250403T185915-200200-867,validation,2025-04-03T18:59:15+00:00,2025-04-03T20:02:00+00:00,62.75,30
KTLX-20250419T032009-041502-868,validation,2025-04-19T03:20:09+00:00,2025-04-19T04:15:02+00:00,54.883,30
KTLX-20250419T064426-073838-869,validation,2025-04-19T06:44:26+00:00,2025-04-19T07:38:38+00:00,54.2,30
KTLX-20250419T080227-090006-870,validation,2025-04-19T08:02:27+00:00,2025-04-19T09:00:06+00:00,57.65,30
KTLX-20250419T090202-095820-871,validation,2025-04-19T09:02:02+00:00,2025-04-19T09:58:20+00:00,56.3,30
KTLX-20250419T103501-115031-872,validation,2025-04-19T10:35:01+00:00,2025-04-19T11:50:31+00:00,75.5,30
KTLX-20250420T001028-013702-873,validation,2025-04-20T00:10:28+00:00,2025-04-20T01:37:02+00:00,86.567,30
KTLX-20250420T020645-030552-874,validation,2025-04-20T02:06:45+00:00,2025-04-20T03:05:52+00:00,59.117,30
KTLX-20250420T033740-043556-875,validation,2025-04-20T03:37:40+00:00,2025-04-20T04:35:56+00:00,58.267,30
KTLX-20250420T051203-060850-876,validation,2025-04-20T05:12:03+00:00,2025-04-20T06:08:50+00:00,56.783,30
KTLX-20250420T103050-112935-877,validation,2025-04-20T10:30:50+00:00,2025-04-20T11:29:35+00:00,58.75,30
KTLX-20250420T114319-131139-878,validation,2025-04-20T11:43:19+00:00,2025-04-20T13:11:39+00:00,88.333,30
KTLX-20250425T034339-045946-879,validation,2025-04-25T03:43:39+00:00,2025-04-25T04:59:46+00:00,76.117,30
KTLX-20250425T052228-064848-880,validation,2025-04-25T05:22:28+00:00,2025-04-25T06:48:48+00:00,86.333,30
KTLX-20250426T145535-154248-881,validation,2025-04-26T14:55:35+00:00,2025-04-26T15:42:48+00:00,47.217,30
KTLX-20250426T163046-171603-882,validation,2025-04-26T16:30:46+00:00,2025-04-26T17:16:03+00:00,45.283,30
KTLX-20250426T181733-190437-883,validation,2025-04-26T18:17:33+00:00,2025-04-26T19:04:37+00:00,47.067,30
KTLX-20250426T200600-205112-884,validation,2025-04-26T20:06:00+00:00,2025-04-26T20:51:12+00:00,45.2,30
KTLX-20250426T205400-214205-885,validation,2025-04-26T20:54:00+00:00,2025-04-26T21:42:05+00:00,48.083,30
KTLX-20250426T221713-231008-886,validation,2025-04-26T22:17:13+00:00,2025-04-26T23:10:08+00:00,52.917,30
KTLX-20250429T191546-204444-887,validation,2025-04-29T19:15:46+00:00,2025-04-29T20:44:44+00:00,88.967,30
KTLX-20250429T205400-214640-888,validation,2025-04-29T20:54:00+00:00,2025-04-29T21:46:40+00:00,52.667,30
KTLX-20250429T225110-235004-889,validation,2025-04-29T22:51:10+00:00,2025-04-29T23:50:04+00:00,58.9,30
KTLX-20250430T000610-010413-890,validation,2025-04-30T00:06:10+00:00,2025-04-30T01:04:13+00:00,58.05,30
KTLX-20250430T022858-032519-891,validation,2025-04-30T02:28:58+00:00,2025-04-30T03:25:19+00:00,56.35,30
KTLX-20250430T045621-055155-892,validation,2025-04-30T04:56:21+00:00,2025-04-30T05:51:55+00:00,55.567,30
KTLX-20250430T071835-081617-893,validation,2025-04-30T07:18:35+00:00,2025-04-30T08:16:17+00:00,57.7,30
KTLX-20250430T094838-105415-894,validation,2025-04-30T09:48:38+00:00,2025-04-30T10:54:15+00:00,65.617,30
KTLX-20250430T112407-123236-895,validation,2025-04-30T11:24:07+00:00,2025-04-30T12:32:36+00:00,68.483,30
KTLX-20250430T141546-152240-896,validation,2025-04-30T14:15:46+00:00,2025-04-30T15:22:40+00:00,66.9,30
KTLX-20250430T153841-164452-897,validation,2025-04-30T15:38:41+00:00,2025-04-30T16:44:52+00:00,66.183,30
KTLX-20250502T071037-083915-898,validation,2025-05-02T07:10:37+00:00,2025-05-02T08:39:15+00:00,88.633,30
KTLX-20250502T085510-095530-899,validation,2025-05-02T08:55:10+00:00,2025-05-02T09:55:30+00:00,60.333,30
KTLX-20250502T104322-115532-900,validation,2025-05-02T10:43:22+00:00,2025-05-02T11:55:32+00:00,72.167,30
KTLX-20250517T214019-222726-901,validation,2025-05-17T21:40:19+00:00,2025-05-17T22:27:26+00:00,47.117,30
KTLX-20250517T225443-234449-902,validation,2025-05-17T22:54:43+00:00,2025-05-17T23:44:49+00:00,50.1,30
KTLX-20250518T013621-023353-903,validation,2025-05-18T01:36:21+00:00,2025-05-18T02:33:53+00:00,57.533,30
KTLX-20250518T032553-042326-904,validation,2025-05-18T03:25:53+00:00,2025-05-18T04:23:26+00:00,57.55,30
KTLX-20250518T051827-061547-905,validation,2025-05-18T05:18:27+00:00,2025-05-18T06:15:47+00:00,57.333,30
KTLX-20250518T062727-072626-906,validation,2025-05-18T06:27:27+00:00,2025-05-18T07:26:26+00:00,58.983,30
KTLX-20250518T082933-092037-907,validation,2025-05-18T08:29:33+00:00,2025-05-18T09:20:37+00:00,51.067,30
KTLX-20250519T183932-200054-908,validation,2025-05-19T18:39:32+00:00,2025-05-19T20:00:54+00:00,81.367,30
KTLX-20250519T201141-205718-909,validation,2025-05-19T20:11:41+00:00,2025-05-19T20:57:18+00:00,45.617,30
KTLX-20250519T210130-215831-910,validation,2025-05-19T21:01:30+00:00,2025-05-19T21:58:31+00:00,57.017,30
KTLX-20250520T000623-010402-911,validation,2025-05-20T00:06:23+00:00,2025-05-20T01:04:02+00:00,57.65,30
KTLX-20250520T010732-020112-912,validation,2025-05-20T01:07:32+00:00,2025-05-20T02:01:12+00:00,53.667,30
KTLX-20250520T035515-050015-913,validation,2025-05-20T03:55:15+00:00,2025-05-20T05:00:15+00:00,65.0,30
KTLX-20250520T052242-061939-914,validation,2025-05-20T05:22:42+00:00,2025-05-20T06:19:39+00:00,56.95,30
KTLX-20250520T065226-075812-915,validation,2025-05-20T06:52:26+00:00,2025-05-20T07:58:12+00:00,65.767,30
KTLX-20250522T163533-180314-916,validation,2025-05-22T16:35:33+00:00,2025-05-22T18:03:14+00:00,87.683,30
KTLX-20250522T180834-192323-917,validation,2025-05-22T18:08:34+00:00,2025-05-22T19:23:23+00:00,74.817,30
KTLX-20250522T212048-223620-918,validation,2025-05-22T21:20:48+00:00,2025-05-22T22:36:20+00:00,75.533,30
KTLX-20250522T224129-235710-919,validation,2025-05-22T22:41:29+00:00,2025-05-22T23:57:10+00:00,75.683,30
KTLX-20250524T065447-080445-920,validation,2025-05-24T06:54:47+00:00,2025-05-24T08:04:45+00:00,69.967,30
KTLX-20250524T091402-100049-921,validation,2025-05-24T09:14:02+00:00,2025-05-24T10:00:49+00:00,46.783,30
KTLX-20250524T120555-125312-922,validation,2025-05-24T12:05:55+00:00,2025-05-24T12:53:12+00:00,47.283,30
KTLX-20250524T134051-142906-923,validation,2025-05-24T13:40:51+00:00,2025-05-24T14:29:06+00:00,48.25,30
KTLX-20250524T160323-165241-924,validation,2025-05-24T16:03:23+00:00,2025-05-24T16:52:41+00:00,49.3,30
KTLX-20250525T035613-044409-925,validation,2025-05-25T03:56:13+00:00,2025-05-25T04:44:09+00:00,47.933,30
KTLX-20250525T054956-064226-926,validation,2025-05-25T05:49:56+00:00,2025-05-25T06:42:26+00:00,52.5,30
KTLX-20250525T181111-193741-927,validation,2025-05-25T18:11:11+00:00,2025-05-25T19:37:41+00:00,86.5,30
KTLX-20250525T220419-231926-928,validation,2025-05-25T22:04:19+00:00,2025-05-25T23:19:26+00:00,75.117,30
KTLX-20250526T014032-025737-929,validation,2025-05-26T01:40:32+00:00,2025-05-26T02:57:37+00:00,77.083,30
KTLX-20250526T030302-042056-930,validation,2025-05-26T03:03:02+00:00,2025-05-26T04:20:56+00:00,77.9,30
KTLX-20250526T092807-104642-931,validation,2025-05-26T09:28:07+00:00,2025-05-26T10:46:42+00:00,78.583,30
KTLX-20250526T123316-133446-932,validation,2025-05-26T12:33:16+00:00,2025-05-26T13:34:46+00:00,61.5,30
KTLX-20250526T151927-162032-933,validation,2025-05-26T15:19:27+00:00,2025-05-26T16:20:32+00:00,61.083,30
KTLX-20250526T180401-190610-934,validation,2025-05-26T18:04:01+00:00,2025-05-26T19:06:10+00:00,62.15,30
KTLX-20250526T192326-203713-935,validation,2025-05-26T19:23:26+00:00,2025-05-26T20:37:13+00:00,73.783,30
KTLX-20250526T221836-231925-936,validation,2025-05-26T22:18:36+00:00,2025-05-26T23:19:25+00:00,60.817,30
KTLX-20250527T001420-011631-937,validation,2025-05-27T00:14:20+00:00,2025-05-27T01:16:31+00:00,62.183,30
KTLX-20250527T022945-032828-938,validation,2025-05-27T02:29:45+00:00,2025-05-27T03:28:28+00:00,58.717,30
KTLX-20250527T034127-044948-939,validation,2025-05-27T03:41:27+00:00,2025-05-27T04:49:48+00:00,68.35,30
KTLX-20250527T070255-082718-940,validation,2025-05-27T07:02:55+00:00,2025-05-27T08:27:18+00:00,84.383,30
KTLX-20250527T083920-100725-941,validation,2025-05-27T08:39:20+00:00,2025-05-27T10:07:25+00:00,88.083,30
KTLX-20250527T104201-115259-942,validation,2025-05-27T10:42:01+00:00,2025-05-27T11:52:59+00:00,70.967,30
KTLX-20250603T181718-192938-943,validation,2025-06-03T18:17:18+00:00,2025-06-03T19:29:38+00:00,72.333,30
KTLX-20250603T200403-212129-944,validation,2025-06-03T20:04:03+00:00,2025-06-03T21:21:29+00:00,77.433,30
KTLX-20250603T224154-233003-945,validation,2025-06-03T22:41:54+00:00,2025-06-03T23:30:03+00:00,48.15,30
KTLX-20250604T003055-011832-946,validation,2025-06-04T00:30:55+00:00,2025-06-04T01:18:32+00:00,47.617,30
KTLX-20250604T015502-024820-947,validation,2025-06-04T01:55:02+00:00,2025-06-04T02:48:20+00:00,53.3,30
KTLX-20250604T025011-033943-948,validation,2025-06-04T02:50:11+00:00,2025-06-04T03:39:43+00:00,49.533,30
KTLX-20250604T044305-053305-949,validation,2025-06-04T04:43:05+00:00,2025-06-04T05:33:05+00:00,50.0,30
KTLX-20250604T065940-075109-950,validation,2025-06-04T06:59:40+00:00,2025-06-04T07:51:09+00:00,51.483,30
KTLX-20250604T103941-112932-951,validation,2025-06-04T10:39:41+00:00,2025-06-04T11:29:32+00:00,49.85,30
KTLX-20250605T185545-202242-952,validation,2025-06-05T18:55:45+00:00,2025-06-05T20:22:42+00:00,86.95,30
KTLX-20250605T202617-212256-953,validation,2025-06-05T20:26:17+00:00,2025-06-05T21:22:56+00:00,56.65,30
KTLX-20250605T212659-222517-954,validation,2025-06-05T21:26:59+00:00,2025-06-05T22:25:17+00:00,58.3,30
KTLX-20250605T222707-232153-955,validation,2025-06-05T22:27:07+00:00,2025-06-05T23:21:53+00:00,54.767,30
KTLX-20250606T015829-024800-956,validation,2025-06-06T01:58:29+00:00,2025-06-06T02:48:00+00:00,49.517,30
KTLX-20250606T025640-034754-957,validation,2025-06-06T02:56:40+00:00,2025-06-06T03:47:54+00:00,51.233,30
KTLX-20250606T043939-052819-958,validation,2025-06-06T04:39:39+00:00,2025-06-06T05:28:19+00:00,48.667,30
KTLX-20250606T061355-070041-959,validation,2025-06-06T06:13:55+00:00,2025-06-06T07:00:41+00:00,46.767,30
KTLX-20250606T073437-082623-960,validation,2025-06-06T07:34:37+00:00,2025-06-06T08:26:23+00:00,51.767,30
KTLX-20250606T093324-102215-961,validation,2025-06-06T09:33:24+00:00,2025-06-06T10:22:15+00:00,48.85,30
KTLX-20250606T112033-120749-962,validation,2025-06-06T11:20:33+00:00,2025-06-06T12:07:49+00:00,47.267,30
KTLX-20250606T121406-130115-963,validation,2025-06-06T12:14:06+00:00,2025-06-06T13:01:15+00:00,47.15,30
KTLX-20250607T042711-052438-964,validation,2025-06-07T04:27:11+00:00,2025-06-07T05:24:38+00:00,57.45,30
KTLX-20250607T052641-062309-965,validation,2025-06-07T05:26:41+00:00,2025-06-07T06:23:09+00:00,56.467,30
KTLX-20250607T092744-102443-966,validation,2025-06-07T09:27:44+00:00,2025-06-07T10:24:43+00:00,56.983,30
KTLX-20250608T224031-235513-967,validation,2025-06-08T22:40:31+00:00,2025-06-08T23:55:13+00:00,74.7,30
KTLX-20250609T000110-005928-968,validation,2025-06-09T00:01:10+00:00,2025-06-09T00:59:28+00:00,58.3,30
KTLX-20250615T005114-014318-969,validation,2025-06-15T00:51:14+00:00,2025-06-15T01:43:18+00:00,52.067,30
KTLX-20250615T051824-060819-970,validation,2025-06-15T05:18:24+00:00,2025-06-15T06:08:19+00:00,49.917,30
KTLX-20250615T112655-121531-971,validation,2025-06-15T11:26:55+00:00,2025-06-15T12:15:31+00:00,48.6,30
KTLX-20250615T132959-141942-972,validation,2025-06-15T13:29:59+00:00,2025-06-15T14:19:42+00:00,49.717,30
KTLX-20250615T142249-151157-973,validation,2025-06-15T14:22:49+00:00,2025-06-15T15:11:57+00:00,49.133,30
KTLX-20250615T154749-163647-974,validation,2025-06-15T15:47:49+00:00,2025-06-15T16:36:47+00:00,48.967,30
KTLX-20250618T025152-040911-975,validation,2025-06-18T02:51:52+00:00,2025-06-18T04:09:11+00:00,77.317,30
KTLX-20250618T065930-081345-976,validation,2025-06-18T06:59:30+00:00,2025-06-18T08:13:45+00:00,74.25,30
KTLX-20250628T001349-012706-977,validation,2025-06-28T00:13:49+00:00,2025-06-28T01:27:06+00:00,73.283,30
KTLX-20250628T014619-025830-978,validation,2025-06-28T01:46:19+00:00,2025-06-28T02:58:30+00:00,72.183,30
KTLX-20250628T041526-051811-979,validation,2025-06-28T04:15:26+00:00,2025-06-28T05:18:11+00:00,62.75,30
KTLX-20250628T060328-070523-980,validation,2025-06-28T06:03:28+00:00,2025-06-28T07:05:23+00:00,61.917,30
KTLX-20250628T072544-082359-981,validation,2025-06-28T07:25:44+00:00,2025-06-28T08:23:59+00:00,58.25,30
KTLX-20250628T083745-093838-982,validation,2025-06-28T08:37:45+00:00,2025-06-28T09:38:38+00:00,60.883,30
KTLX-20250628T095347-105900-983,validation,2025-06-28T09:53:47+00:00,2025-06-28T10:59:00+00:00,65.217,30
KTLX-20250628T134726-150430-984,validation,2025-06-28T13:47:26+00:00,2025-06-28T15:04:30+00:00,77.067,30
KTLX-20250628T163606-174715-985,validation,2025-06-28T16:36:06+00:00,2025-06-28T17:47:15+00:00,71.15,30
KTLX-20250628T181350-193204-986,validation,2025-06-28T18:13:50+00:00,2025-06-28T19:32:04+00:00,78.233,30
KTLX-20250629T021551-032417-987,validation,2025-06-29T02:15:51+00:00,2025-06-29T03:24:17+00:00,68.433,30
KTLX-20250629T055956-072658-988,validation,2025-06-29T05:59:56+00:00,2025-06-29T07:26:58+00:00,87.033,30
KTLX-20250629T175031-190824-989,validation,2025-06-29T17:50:31+00:00,2025-06-29T19:08:24+00:00,77.883,30
KTLX-20250629T214741-230517-990,validation,2025-06-29T21:47:41+00:00,2025-06-29T23:05:17+00:00,77.6,30
KTLX-20250630T024609-034453-991,validation,2025-06-30T02:46:09+00:00,2025-06-30T03:44:53+00:00,58.733,30
KTLX-20250630T034645-044452-992,validation,2025-06-30T03:46:45+00:00,2025-06-30T04:44:52+00:00,58.117,30
KTLX-20250630T101222-111547-993,validation,2025-06-30T10:12:22+00:00,2025-06-30T11:15:47+00:00,63.417,30
KTLX-20250630T113005-123634-994,validation,2025-06-30T11:30:05+00:00,2025-06-30T12:36:34+00:00,66.483,30
KTLX-20250820T010019-021821-995,validation,2025-08-20T01:00:19+00:00,2025-08-20T02:18:21+00:00,78.033,30
KTLX-20250820T034150-045516-996,validation,2025-08-20T03:41:50+00:00,2025-08-20T04:55:16+00:00,73.433,30
KTLX-20250820T064413-081153-997,validation,2025-08-20T06:44:13+00:00,2025-08-20T08:11:53+00:00,87.667,30
KTLX-20251024T001535-012121-998,validation,2025-10-24T00:15:35+00:00,2025-10-24T01:21:21+00:00,65.767,30
KTLX-20251024T024649-033613-999,validation,2025-10-24T02:46:49+00:00,2025-10-24T03:36:13+00:00,49.4,30
KTLX-20251024T035126-050229-1000,validation,2025-10-24T03:51:26+00:00,2025-10-24T05:02:29+00:00,71.05,30
